data,loja,regiao,produto,categoria,quantidade,preco_unitario
2025-01-01,Loja Savassi,Sudeste,Notebook,Eletrônicos,7.0,3296.72
2025-01-01,Loja Savassi,Sudeste,Fone Bluetooth,Eletrônicos,4.0,239.42
2025-01-01,Loja Nordeste Mall,Nordeste,Calça Jeans,Vestuário,5.0,154.78
2025-01-01,Loja Savassi,Sudeste,Fone Bluetooth,Eletrônicos,3.0,272.15
2025-01-01,Loja Sul Plaza,Sul,Relógio,Acessórios,6.0,524.18
2025-01-01,Loja Savassi,Sudeste,Notebook,Eletrônicos,2.0,3484.77
2025-01-01,Loja Savassi,Sudeste,Relógio,Acessórios,5.0,464.82
2025-01-01,Loja Norte Shopping,Norte,Camiseta,Vestuário,4.0,51.28
2025-01-01,Loja Nordeste Mall,Nordeste,Liquidificador,Casa,6.0,142.52
2025-01-02,Loja Sul Plaza,Sul,Liquidificador,Casa,2.0,112.94
2025-01-02,Loja Norte Shopping,Norte,Smartphone,Eletrônicos,5.0,2268.73
2025-01-02,Loja Norte Shopping,Norte,Cafeteira,Casa,1.0,186.8
2025-01-02,Loja Savassi,Sudeste,Mochila,Acessórios,7.0,145.61
2025-01-02,Loja Savassi,Sudeste,Calça Jeans,Vestuário,7.0,126.41
2025-01-02,Loja Sul Plaza,Sul,Cafeteira,Casa,7.0,196.02
2025-01-03,Loja Centro,Sudeste,Notebook,Eletrônicos,3.0,3373.58
2025-01-03,Loja Sul Plaza,Sul,Relógio,Acessórios,1.0,489.24
2025-01-03,Loja Sul Plaza,Sul,Relógio,Acessórios,7.0,527.05
2025-01-03,Loja Nordeste Mall,Nordeste,Panela de Pressão,Casa,2.0,91.42
2025-01-04,Loja Nordeste Mall,Nordeste,Tênis,Vestuário,2.0,353.64
2025-01-04,Loja Sul Plaza,Sul,Fone Bluetooth,Eletrônicos,5.0,259.79
2025-01-04,Loja Nordeste Mall,Nordeste,Notebook,Eletrônicos,1.0,3684.31
2025-01-04,Loja Centro,Sudeste,Liquidificador,Casa,2.0,137.08
2025-01-04,Loja Savassi,Sudeste,Camiseta,Vestuário,5.0,65.85
2025-01-04,Loja Sul Plaza,Sul,Cafeteira,Casa,7.0,229.27
2025-01-04,Loja Savassi,Sudeste,Notebook,Eletrônicos,6.0,3820.07
2025-01-04,Loja Sul Plaza,Sul,Cafeteira,Casa,4.0,224.38
2025-01-05,Loja Norte Shopping,Norte,Tênis,Vestuário,7.0,332.84
2025-01-05,Loja Savassi,Sudeste,Panela de Pressão,Casa,6.0,91.33
2025-01-05,Loja Centro,Sudeste,Relógio,Acessórios,6.0,533.69
2025-01-05,Loja Sul Plaza,Sul,Relógio,Acessórios,,496.97
2025-01-05,Loja Savassi,Sudeste,Camiseta,Vestuário,2.0,54.82
2025-01-05,Loja Norte Shopping,Norte,Fone Bluetooth,Eletrônicos,2.0,282.23
2025-01-05,Loja Centro,Sudeste,Panela de Pressão,Casa,1.0,92.25
2025-01-05,Loja Nordeste Mall,Nordeste,Mochila,Acessórios,2.0,133.93
2025-01-06,Loja Sul Plaza,Sul,Camiseta,Vestuário,4.0,64.97
2025-01-06,Loja Sul Plaza,Sul,Calça Jeans,Vestuário,4.0,144.12
2025-01-06,Loja Norte Shopping,Norte,Liquidificador,Casa,6.0,123.2
2025-01-06,Loja Centro,Sudeste,Cafeteira,Casa,5.0,207.99
2025-01-07,Loja Savassi,Sudeste,Liquidificador,Casa,6.0,135.79
2025-01-07,Loja Norte Shopping,Norte,Tênis,Vestuário,,309.31
2025-01-07,Loja Centro,Sudeste,Mochila,Acessórios,7.0,171.27
2025-01-07,Loja Nordeste Mall,Nordeste,Panela de Pressão,Casa,4.0,101.43
2025-01-07,Loja Centro,Sudeste,Liquidificador,Casa,7.0,123.82
2025-01-07,Loja Centro,Sudeste,Tênis,Vestuário,2.0,345.43
2025-01-07,Loja Centro,Sudeste,Calça Jeans,Vestuário,3.0,146.43
2025-01-08,Loja Nordeste Mall,Nordeste,Smartphone,Eletrônicos,4.0,2204.96
2025-01-08,Loja Centro,Sudeste,Panela de Pressão,Casa,6.0,88.92
2025-01-08,Loja Centro,Sudeste,Liquidificador,Casa,2.0,129.35
2025-01-08,Loja Sul Plaza,Sul,Cafeteira,Casa,7.0,195.33
2025-01-08,Loja Centro,Sudeste,Mochila,Acessórios,3.0,153.89
2025-01-08,Loja Centro,Sudeste,Relógio,Acessórios,5.0,536.97
2025-01-09,Loja Sul Plaza,Sul,Fone Bluetooth,Eletrônicos,4.0,216.29
2025-01-09,Loja Centro,Sudeste,Cafeteira,Casa,2.0,192.49
2025-01-09,Loja Centro,Sudeste,Notebook,Eletrônicos,5.0,3983.6
2025-01-09,Loja Centro,Sudeste,Fone Bluetooth,Eletrônicos,2.0,255.61
2025-01-09,Loja Nordeste Mall,Nordeste,Notebook,Eletrônicos,6.0,3679.07
2025-01-09,Loja Savassi,Sudeste,Liquidificador,Casa,4.0,128.19
2025-01-09,Loja Savassi,Sudeste,Mochila,Acessórios,5.0,131.33
2025-01-09,Loja Savassi,Sudeste,Fone Bluetooth,Eletrônicos,7.0,251.84
2025-01-10,Loja Savassi,Sudeste,Camiseta,Vestuário,3.0,67.44
2025-01-10,Loja Nordeste Mall,Nordeste,Cafeteira,Casa,5.0,188.27
2025-01-10,Loja Sul Plaza,Sul,Liquidificador,Casa,3.0,111.9
2025-01-10,Loja Nordeste Mall,Nordeste,Cafeteira,Casa,2.0,224.11
2025-01-10,Loja Centro,Sudeste,Cafeteira,Casa,3.0,232.6
2025-01-11,Loja Norte Shopping,Norte,Panela de Pressão,Casa,7.0,94.19
2025-01-11,Loja Norte Shopping,Norte,Mochila,Acessórios,2.0,170.4
2025-01-11,Loja Savassi,Sudeste,Tênis,Vestuário,3.0,345.99
2025-01-11,Loja Savassi,Sudeste,Calça Jeans,Vestuário,2.0,128.79
2025-01-11,Loja Centro,Sudeste,Tênis,Vestuário,4.0,338.21
2025-01-12,Loja Savassi,Sudeste,Notebook,Eletrônicos,7.0,3574.77
2025-01-12,Loja Savassi,Sudeste,Relógio,Acessórios,7.0,469.56
2025-01-12,Loja Norte Shopping,Norte,Fone Bluetooth,Eletrônicos,5.0,269.02
2025-01-12,Loja Savassi,Sudeste,Cafeteira,Casa,6.0,195.84
2025-01-12,Loja Norte Shopping,Norte,Smartphone,Eletrônicos,4.0,1906.09
2025-01-12,Loja Savassi,Sudeste,Notebook,Eletrônicos,2.0,3944.93
2025-01-12,Loja Sul Plaza,Sul,Relógio,Acessórios,3.0,432.39
2025-01-12,Loja Norte Shopping,Norte,Calça Jeans,Vestuário,2.0,121.58
2025-01-12,Loja Sul Plaza,Sul,Panela de Pressão,Casa,2.0,100.04
2025-01-12,Loja Savassi,Sudeste,Tênis,Vestuário,5.0,274.39
2025-01-13,Loja Nordeste Mall,Nordeste,Relógio,Acessórios,3.0,513.51
2025-01-13,Loja Centro,Sudeste,Liquidificador,Casa,6.0,132.71
2025-01-13,Loja Nordeste Mall,Nordeste,Mochila,Acessórios,4.0,148.2
2025-01-13,Loja Sul Plaza,Sul,Tênis,Vestuário,5.0,333.13
2025-01-13,Loja Norte Shopping,Norte,Notebook,Eletrônicos,5.0,3440.83
2025-01-13,Loja Sul Plaza,Sul,Panela de Pressão,Casa,3.0,82.16
2025-01-14,Loja Savassi,Sudeste,Tênis,Vestuário,3.0,338.56
2025-01-14,Loja Savassi,Sudeste,Smartphone,Eletrônicos,2.0,2187.99
2025-01-14,Loja Centro,Sudeste,Panela de Pressão,Casa,5.0,81.5
2025-01-14,Loja Nordeste Mall,Nordeste,Notebook,Eletrônicos,4.0,3481.41
2025-01-14,Loja Savassi,Sudeste,Smartphone,Eletrônicos,4.0,2375.08
2025-01-14,Loja Centro,Sudeste,Cafeteira,Casa,5.0,236.53
2025-01-14,Loja Centro,Sudeste,Mochila,Acessórios,5.0,168.67
2025-01-14,Loja Savassi,Sudeste,Panela de Pressão,Casa,4.0,82.74
2025-01-14,Loja Centro,Sudeste,Calça Jeans,Vestuário,1.0,127.19
2025-01-14,Loja Centro,Sudeste,Notebook,Eletrônicos,5.0,3786.83
2025-01-15,Loja Norte Shopping,Norte,Notebook,Eletrônicos,4.0,3505.62
2025-01-15,Loja Nordeste Mall,Nordeste,Smartphone,Eletrônicos,1.0,2424.66
2025-01-15,Loja Centro,Sudeste,Smartphone,Eletrônicos,4.0,2004.25
2025-01-15,Loja Nordeste Mall,Nordeste,Tênis,Vestuário,,347.29
2025-01-15,Loja Savassi,Sudeste,Liquidificador,Casa,1.0,123.04
2025-01-15,Loja Sul Plaza,Sul,Panela de Pressão,Casa,3.0,104.99
2025-01-15,Loja Norte Shopping,Norte,Camiseta,Vestuário,1.0,55.05
2025-01-15,Loja Nordeste Mall,Nordeste,Tênis,Vestuário,2.0,352.48
2025-01-16,Loja Centro,Sudeste,Tênis,Vestuário,1.0,343.73
2025-01-16,Loja Savassi,Sudeste,Panela de Pressão,Casa,4.0,86.05
2025-01-16,Loja Nordeste Mall,Nordeste,Liquidificador,Casa,4.0,133.22
2025-01-17,Loja Sul Plaza,Sul,Relógio,Acessórios,3.0,419.91
2025-01-17,Loja Nordeste Mall,Nordeste,Relógio,Acessórios,2.0,432.22
2025-01-17,Loja Centro,Sudeste,Cafeteira,Casa,5.0,218.81
2025-01-17,Loja Savassi,Sudeste,Tênis,Vestuário,3.0,277.29
2025-01-17,Loja Centro,Sudeste,Fone Bluetooth,Eletrônicos,7.0,227.09
2025-01-17,Loja Centro,Sudeste,Calça Jeans,Vestuário,6.0,130.27
2025-01-17,Loja Norte Shopping,Norte,Tênis,Vestuário,2.0,284.18
2025-01-18,Loja Norte Shopping,Norte,Panela de Pressão,Casa,4.0,94.43
2025-01-18,Loja Savassi,Sudeste,Fone Bluetooth,Eletrônicos,4.0,226.95
2025-01-18,Loja Centro,Sudeste,Notebook,Eletrônicos,7.0,3842.78
2025-01-19,Loja Centro,Sudeste,Fone Bluetooth,Eletrônicos,5.0,237.98
2025-01-19,Loja Sul Plaza,Sul,Cafeteira,Casa,4.0,
2025-01-19,Loja Sul Plaza,Sul,Cafeteira,Casa,6.0,182.03
2025-01-20,Loja Centro,Sudeste,Liquidificador,Casa,1.0,134.23
2025-01-20,Loja Sul Plaza,Sul,Relógio,Acessórios,5.0,523.64
2025-01-20,Loja Sul Plaza,Sul,Liquidificador,Casa,4.0,148.43
2025-01-20,Loja Savassi,Sudeste,Tênis,Vestuário,1.0,352.25
2025-01-20,Loja Sul Plaza,Sul,Smartphone,Eletrônicos,6.0,1894.65
2025-01-20,Loja Sul Plaza,Sul,Fone Bluetooth,Eletrônicos,3.0,256.23
2025-01-21,Loja Sul Plaza,Sul,Cafeteira,Casa,7.0,233.94
2025-01-21,Loja Savassi,Sudeste,Calça Jeans,Vestuário,2.0,122.32
2025-01-21,Loja Sul Plaza,Sul,Calça Jeans,Vestuário,5.0,
2025-01-21,Loja Sul Plaza,Sul,Calça Jeans,Vestuário,5.0,
2025-01-22,Loja Norte Shopping,Norte,Liquidificador,Casa,2.0,130.76
2025-01-22,Loja Norte Shopping,Norte,Mochila,Acessórios,1.0,147.9
2025-01-22,Loja Centro,Sudeste,Tênis,Vestuário,2.0,321.21
2025-01-22,Loja Nordeste Mall,Nordeste,Calça Jeans,Vestuário,6.0,132.25
2025-01-22,Loja Norte Shopping,Norte,Tênis,Vestuário,2.0,289.03
2025-01-22,Loja Sul Plaza,Sul,Smartphone,Eletrônicos,1.0,2341.99
2025-01-23,Loja Centro,Sudeste,Panela de Pressão,Casa,5.0,108.78
2025-01-23,Loja Centro,Sudeste,Fone Bluetooth,Eletrônicos,3.0,218.29
2025-01-23,Loja Centro,Sudeste,Tênis,Vestuário,2.0,322.18
2025-01-23,Loja Centro,Sudeste,Fone Bluetooth,Eletrônicos,1.0,243.01
2025-01-23,Loja Centro,Sudeste,Mochila,Acessórios,6.0,150.91
2025-01-24,Loja Centro,Sudeste,Relógio,Acessórios,,421.69
2025-01-24,Loja Centro,Sudeste,Tênis,Vestuário,2.0,363.65
2025-01-25,Loja Norte Shopping,Norte,Panela de Pressão,Casa,4.0,82.27
2025-01-25,Loja Norte Shopping,Norte,Calça Jeans,Vestuário,1.0,153.34
2025-01-25,Loja Centro,Sudeste,Smartphone,Eletrônicos,5.0,2464.95
2025-01-25,Loja Centro,Sudeste,Relógio,Acessórios,4.0,546.47
2025-01-25,Loja Centro,Sudeste,Mochila,Acessórios,7.0,130.88
2025-01-25,Loja Centro,Sudeste,Calça Jeans,Vestuário,3.0,158.63
2025-01-25,Loja Savassi,Sudeste,Panela de Pressão,Casa,7.0,93.47
2025-01-25,Loja Norte Shopping,Norte,Fone Bluetooth,Eletrônicos,3.0,229.34
2025-01-25,Loja Sul Plaza,Sul,Panela de Pressão,Casa,6.0,91.66
2025-01-26,Loja Nordeste Mall,Nordeste,Smartphone,Eletrônicos,,1977.26
2025-01-26,Loja Centro,Sudeste,Calça Jeans,Vestuário,4.0,131.24
2025-01-26,Loja Norte Shopping,Norte,Camiseta,Vestuário,3.0,59.2
2025-01-26,Loja Centro,Sudeste,Fone Bluetooth,Eletrônicos,7.0,248.28
2025-01-26,Loja Norte Shopping,Norte,Fone Bluetooth,Eletrônicos,5.0,245.72
2025-01-27,Loja Norte Shopping,Norte,Smartphone,Eletrônicos,6.0,1952.97
2025-01-27,Loja Centro,Sudeste,Panela de Pressão,Casa,1.0,89.24
2025-01-27,Loja Nordeste Mall,Nordeste,Calça Jeans,Vestuário,5.0,150.48
2025-01-27,Loja Centro,Sudeste,Mochila,Acessórios,1.0,145.48
2025-01-27,Loja Savassi,Sudeste,Camiseta,Vestuário,4.0,61.17
2025-01-28,Loja Norte Shopping,Norte,Cafeteira,Casa,6.0,206.67
2025-01-28,Loja Centro,Sudeste,Notebook,Eletrônicos,6.0,3349.07
2025-01-28,Loja Nordeste Mall,Nordeste,Relógio,Acessórios,6.0,502.49
2025-01-28,Loja Sul Plaza,Sul,Notebook,Eletrônicos,5.0,3136.66
2025-01-28,Loja Sul Plaza,Sul,Panela de Pressão,Casa,6.0,91.85
2025-01-28,Loja Nordeste Mall,Nordeste,Liquidificador,Casa,1.0,133.44
2025-01-29,Loja Sul Plaza,Sul,Mochila,Acessórios,5.0,143.08
2025-01-29,Loja Sul Plaza,Sul,Fone Bluetooth,Eletrônicos,5.0,234.69
2025-01-29,Loja Savassi,Sudeste,Smartphone,Eletrônicos,6.0,2298.7
2025-01-29,Loja Savassi,Sudeste,Camiseta,Vestuário,3.0,66.74
2025-01-29,Loja Nordeste Mall,Nordeste,Camiseta,Vestuário,7.0,68.06
2025-01-29,Loja Nordeste Mall,Nordeste,Panela de Pressão,Casa,7.0,96.62
2025-01-29,Loja Nordeste Mall,Nordeste,Fone Bluetooth,Eletrônicos,6.0,271.7
2025-01-29,Loja Sul Plaza,Sul,Fone Bluetooth,Eletrônicos,2.0,267.92
2025-01-30,Loja Nordeste Mall,Nordeste,Tênis,Vestuário,,348.81
2025-01-31,Loja Norte Shopping,Norte,Camiseta,Vestuário,1.0,67.82
2025-01-31,Loja Norte Shopping,Norte,Relógio,Acessórios,7.0,427.08
2025-02-01,Loja Savassi,Sudeste,Mochila,Acessórios,4.0,171.07
2025-02-01,Loja Savassi,Sudeste,Smartphone,Eletrônicos,1.0,2286.48
2025-02-02,Loja Savassi,Sudeste,Liquidificador,Casa,7.0,122.73
2025-02-02,Loja Savassi,Sudeste,Relógio,Acessórios,1.0,471.7
2025-02-02,Loja Sul Plaza,Sul,Liquidificador,Casa,5.0,139.18
2025-02-02,Loja Sul Plaza,Sul,Notebook,Eletrônicos,,3567.06
2025-02-03,Loja Savassi,Sudeste,Smartphone,Eletrônicos,5.0,2192.28
2025-02-03,Loja Centro,Sudeste,Panela de Pressão,Casa,5.0,107.4
2025-02-03,Loja Savassi,Sudeste,Tênis,Vestuário,1.0,286.11
2025-02-03,Loja Savassi,Sudeste,Notebook,Eletrônicos,5.0,3422.43
2025-02-03,Loja Norte Shopping,Norte,Panela de Pressão,Casa,2.0,91.87
2025-02-03,Loja Nordeste Mall,Nordeste,Relógio,Acessórios,5.0,455.32
2025-02-04,Loja Savassi,Sudeste,Notebook,Eletrônicos,1.0,3799.26
2025-02-04,Loja Nordeste Mall,Nordeste,Relógio,Acessórios,4.0,449.81
2025-02-04,Loja Norte Shopping,Norte,Liquidificador,Casa,7.0,123.62
2025-02-04,Loja Savassi,Sudeste,Liquidificador,Casa,5.0,131.94
2025-02-04,Loja Savassi,Sudeste,Tênis,Vestuário,4.0,282.38
2025-02-04,Loja Norte Shopping,Norte,Liquidificador,Casa,2.0,139.37
2025-02-04,Loja Centro,Sudeste,Panela de Pressão,Casa,6.0,105.49
2025-02-05,Loja Sul Plaza,Sul,Cafeteira,Casa,2.0,197.57
2025-02-05,Loja Norte Shopping,Norte,Camiseta,Vestuário,6.0,63.98
2025-02-05,Loja Savassi,Sudeste,Smartphone,Eletrônicos,4.0,2232.19
2025-02-05,Loja Savassi,Sudeste,Relógio,Acessórios,3.0,532.41
2025-02-05,Loja Savassi,Sudeste,Cafeteira,Casa,1.0,183.03
2025-02-05,Loja Sul Plaza,Sul,Calça Jeans,Vestuário,1.0,126.98
2025-02-06,Loja Savassi,Sudeste,Calça Jeans,Vestuário,1.0,149.76
2025-02-06,Loja Savassi,Sudeste,Notebook,Eletrônicos,4.0,3977.77
2025-02-06,Loja Sul Plaza,Sul,Notebook,Eletrônicos,2.0,3401.42
2025-02-06,Loja Sul Plaza,Sul,Mochila,Acessórios,3.0,152.24
2025-02-06,Loja Savassi,Sudeste,Tênis,Vestuário,2.0,281.84
2025-02-06,Loja Savassi,Sudeste,Calça Jeans,Vestuário,4.0,132.72
2025-02-07,Loja Nordeste Mall,Nordeste,Cafeteira,Casa,5.0,193.46
2025-02-07,Loja Nordeste Mall,Nordeste,Notebook,Eletrônicos,1.0,4021.65
2025-02-07,Loja Savassi,Sudeste,Tênis,Vestuário,4.0,274.02
2025-02-07,Loja Centro,Sudeste,Camiseta,Vestuário,6.0,64.13
2025-02-07,Loja Sul Plaza,Sul,Camiseta,Vestuário,5.0,62.27
2025-02-07,Loja Centro,Sudeste,Liquidificador,Casa,5.0,149.35
2025-02-08,Loja Sul Plaza,Sul,Tênis,Vestuário,6.0,318.27
2025-02-08,Loja Sul Plaza,Sul,Calça Jeans,Vestuário,3.0,135.8
2025-02-08,Loja Sul Plaza,Sul,Notebook,Eletrônicos,2.0,3807.01
2025-02-08,Loja Centro,Sudeste,Camiseta,Vestuário,3.0,59.54
2025-02-08,Loja Centro,Sudeste,Panela de Pressão,Casa,6.0,88.78
2025-02-08,Loja Centro,Sudeste,Mochila,Acessórios,2.0,165.43
2025-02-08,Loja Centro,Sudeste,Notebook,Eletrônicos,5.0,3910.88
2025-02-08,Loja Savassi,Sudeste,Panela de Pressão,Casa,1.0,91.51
2025-02-08,Loja Norte Shopping,Norte,Notebook,Eletrônicos,7.0,3156.07
2025-02-08,Loja Savassi,Sudeste,Cafeteira,Casa,4.0,235.17
2025-02-08,Loja Centro,Sudeste,Notebook,Eletrônicos,1.0,3982.07
2025-02-08,Loja Sul Plaza,Sul,Mochila,Acessórios,1.0,134.24
2025-02-08,Loja Centro,Sudeste,Panela de Pressão,Casa,2.0,101.48
2025-02-09,Loja Savassi,Sudeste,Mochila,Acessórios,2.0,143.51
2025-02-09,Loja Centro,Sudeste,Mochila,Acessórios,6.0,133.92
2025-02-09,Loja Centro,Sudeste,Cafeteira,Casa,3.0,226.13
2025-02-09,Loja Savassi,Sudeste,Relógio,Acessórios,7.0,504.81
2025-02-09,Loja Norte Shopping,Norte,Notebook,Eletrônicos,4.0,
2025-02-09,Loja Savassi,Sudeste,Cafeteira,Casa,3.0,236.07
2025-02-09,Loja Nordeste Mall,Nordeste,Tênis,Vestuário,5.0,360.92
2025-02-10,Loja Savassi,Sudeste,Relógio,Acessórios,3.0,491.99
2025-02-10,Loja Sul Plaza,Sul,Relógio,Acessórios,5.0,466.35
2025-02-10,Loja Norte Shopping,Norte,Notebook,Eletrônicos,5.0,3063.61
2025-02-10,Loja Norte Shopping,Norte,Liquidificador,Casa,1.0,114.99
2025-02-10,Loja Norte Shopping,Norte,Liquidificador,Casa,5.0,148.89
2025-02-10,Loja Nordeste Mall,Nordeste,Panela de Pressão,Casa,1.0,94.11
2025-02-10,Loja Savassi,Sudeste,Relógio,Acessórios,5.0,502.29
2025-02-11,Loja Nordeste Mall,Nordeste,Relógio,Acessórios,6.0,537.54
2025-02-11,Loja Sul Plaza,Sul,Relógio,Acessórios,7.0,441.72
2025-02-11,Loja Sul Plaza,Sul,Calça Jeans,Vestuário,4.0,157.15
2025-02-11,Loja Savassi,Sudeste,Camiseta,Vestuário,4.0,56.76
2025-02-11,Loja Savassi,Sudeste,Camiseta,Vestuário,4.0,51.24
2025-02-11,Loja Nordeste Mall,Nordeste,Panela de Pressão,Casa,2.0,86.53
2025-02-11,Loja Centro,Sudeste,Tênis,Vestuário,7.0,313.44
2025-02-12,Loja Centro,Sudeste,Calça Jeans,Vestuário,4.0,143.6
2025-02-12,Loja Savassi,Sudeste,Liquidificador,Casa,2.0,146.59
2025-02-13,Loja Sul Plaza,Sul,Relógio,Acessórios,6.0,532.99
2025-02-13,Loja Sul Plaza,Sul,Panela de Pressão,Casa,2.0,87.52
2025-02-13,Loja Centro,Sudeste,Tênis,Vestuário,1.0,330.32
2025-02-13,Loja Sul Plaza,Sul,Panela de Pressão,Casa,4.0,88.5
2025-02-13,Loja Centro,Sudeste,Liquidificador,Casa,2.0,111.11
2025-02-13,Loja Savassi,Sudeste,Relógio,Acessórios,2.0,529.3
2025-02-14,Loja Norte Shopping,Norte,Calça Jeans,Vestuário,7.0,149.37
2025-02-14,Loja Centro,Sudeste,Fone Bluetooth,Eletrônicos,7.0,275.64
2025-02-14,Loja Centro,Sudeste,Relógio,Acessórios,2.0,548.3
2025-02-15,Loja Norte Shopping,Norte,Notebook,Eletrônicos,4.0,3328.12
2025-02-15,Loja Savassi,Sudeste,Tênis,Vestuário,1.0,361.66
2025-02-15,Loja Savassi,Sudeste,Mochila,Acessórios,3.0,164.11
2025-02-15,Loja Sul Plaza,Sul,Panela de Pressão,Casa,2.0,84.99
2025-02-15,Loja Centro,Sudeste,Smartphone,Eletrônicos,1.0,1881.41
2025-02-15,Loja Nordeste Mall,Nordeste,Cafeteira,Casa,5.0,225.02
2025-02-15,Loja Savassi,Sudeste,Smartphone,Eletrônicos,6.0,2278.5
2025-02-16,Loja Centro,Sudeste,Panela de Pressão,Casa,4.0,90.33
2025-02-16,Loja Centro,Sudeste,Liquidificador,Casa,2.0,138.33
2025-02-16,Loja Centro,Sudeste,Camiseta,Vestuário,4.0,59.62
2025-02-16,Loja Sul Plaza,Sul,Smartphone,Eletrônicos,7.0,2335.74
2025-02-16,Loja Savassi,Sudeste,Notebook,Eletrônicos,4.0,2985.27
2025-02-16,Loja Centro,Sudeste,Panela de Pressão,Casa,4.0,88.64
2025-02-16,Loja Centro,Sudeste,Notebook,Eletrônicos,4.0,3411.02
2025-02-16,Loja Norte Shopping,Norte,Relógio,Acessórios,2.0,443.82
2025-02-17,Loja Centro,Sudeste,Mochila,Acessórios,4.0,155.43
2025-02-17,Loja Savassi,Sudeste,Mochila,Acessórios,3.0,149.23
2025-02-17,Loja Sul Plaza,Sul,Panela de Pressão,Casa,1.0,93.55
2025-02-18,Loja Sul Plaza,Sul,Fone Bluetooth,Eletrônicos,6.0,226.88
2025-02-18,Loja Sul Plaza,Sul,Liquidificador,Casa,3.0,140.32
2025-02-18,Loja Centro,Sudeste,Smartphone,Eletrônicos,6.0,2512.44
2025-02-18,Loja Savassi,Sudeste,Mochila,Acessórios,1.0,158.9
2025-02-19,Loja Norte Shopping,Norte,Smartphone,Eletrônicos,6.0,2200.2
2025-02-19,Loja Sul Plaza,Sul,Cafeteira,Casa,6.0,185.63
2025-02-19,Loja Sul Plaza,Sul,Smartphone,Eletrônicos,7.0,2313.76
2025-02-20,Loja Norte Shopping,Norte,Calça Jeans,Vestuário,2.0,134.55
2025-02-20,Loja Centro,Sudeste,Camiseta,Vestuário,7.0,64.46
2025-02-20,Loja Centro,Sudeste,Smartphone,Eletrônicos,4.0,2046.39
2025-02-20,Loja Sul Plaza,Sul,Fone Bluetooth,Eletrônicos,5.0,238.07
2025-02-20,Loja Savassi,Sudeste,Liquidificador,Casa,1.0,116.62
2025-02-20,Loja Savassi,Sudeste,Calça Jeans,Vestuário,3.0,124.28
2025-02-20,Loja Norte Shopping,Norte,Panela de Pressão,Casa,6.0,83.73
2025-02-20,Loja Savassi,Sudeste,Mochila,Acessórios,4.0,164.3
2025-02-21,Loja Savassi,Sudeste,Fone Bluetooth,Eletrônicos,4.0,251.51
2025-02-21,Loja Savassi,Sudeste,Calça Jeans,Vestuário,4.0,135.39
2025-02-21,Loja Nordeste Mall,Nordeste,Cafeteira,Casa,1.0,179.5
2025-02-21,Loja Sul Plaza,Sul,Camiseta,Vestuário,5.0,56.27
2025-02-22,Loja Centro,Sudeste,Panela de Pressão,Casa,3.0,93.5
2025-02-22,Loja Centro,Sudeste,Fone Bluetooth,Eletrônicos,6.0,231.41
2025-02-22,Loja Centro,Sudeste,Panela de Pressão,Casa,3.0,91.87
2025-02-22,Loja Centro,Sudeste,Smartphone,Eletrônicos,4.0,2046.57
2025-02-22,Loja Sul Plaza,Sul,Smartphone,Eletrônicos,2.0,2233.46
2025-02-22,Loja Centro,Sudeste,Camiseta,Vestuário,6.0,61.99
2025-02-22,Loja Nordeste Mall,Nordeste,Notebook,Eletrônicos,3.0,3995.68
2025-02-22,Loja Sul Plaza,Sul,Calça Jeans,Vestuário,5.0,144.52
2025-02-23,Loja Sul Plaza,Sul,Relógio,Acessórios,4.0,434.56
2025-02-23,Loja Norte Shopping,Norte,Panela de Pressão,Casa,5.0,90.87
2025-02-23,Loja Savassi,Sudeste,Relógio,Acessórios,5.0,483.71
2025-02-23,Loja Centro,Sudeste,Liquidificador,Casa,6.0,127.33
2025-02-23,Loja Centro,Sudeste,Cafeteira,Casa,5.0,221.09
2025-02-23,Loja Sul Plaza,Sul,Panela de Pressão,Casa,2.0,99.9
2025-02-23,Loja Sul Plaza,Sul,Cafeteira,Casa,1.0,209.55
2025-02-23,Loja Centro,Sudeste,Mochila,Acessórios,7.0,132.29
2025-02-23,Loja Centro,Sudeste,Calça Jeans,Vestuário,3.0,144.62
2025-02-24,Loja Sul Plaza,Sul,Mochila,Acessórios,6.0,131.08
2025-02-24,Loja Savassi,Sudeste,Smartphone,Eletrônicos,2.0,2480.48
2025-02-24,Loja Savassi,Sudeste,Liquidificador,Casa,2.0,126.07
2025-02-24,Loja Centro,Sudeste,Liquidificador,Casa,4.0,123.48
2025-02-24,Loja Centro,Sudeste,Relógio,Acessórios,5.0,475.88
2025-02-24,Loja Norte Shopping,Norte,Liquidificador,Casa,5.0,123.71
2025-02-25,Loja Norte Shopping,Norte,Calça Jeans,Vestuário,5.0,119.21
2025-02-25,Loja Centro,Sudeste,Notebook,Eletrônicos,5.0,3635.32
2025-02-25,Loja Centro,Sudeste,Fone Bluetooth,Eletrônicos,2.0,215.97
2025-02-26,Loja Norte Shopping,Norte,Mochila,Acessórios,3.0,150.91
2025-02-26,Loja Sul Plaza,Sul,Cafeteira,Casa,7.0,190.79
2025-02-27,Loja Centro,Sudeste,Calça Jeans,Vestuário,7.0,152.43
2025-02-27,Loja Nordeste Mall,Nordeste,Tênis,Vestuário,7.0,278.0
2025-02-27,Loja Sul Plaza,Sul,Fone Bluetooth,Eletrônicos,7.0,249.01
2025-02-27,Loja Norte Shopping,Norte,Cafeteira,Casa,4.0,228.14
2025-02-27,Loja Centro,Sudeste,Notebook,Eletrônicos,7.0,3729.01
2025-02-27,Loja Savassi,Sudeste,Cafeteira,Casa,7.0,214.49
2025-02-27,Loja Norte Shopping,Norte,Camiseta,Vestuário,6.0,53.47
2025-02-27,Loja Centro,Sudeste,Panela de Pressão,Casa,3.0,97.28
2025-02-28,Loja Centro,Sudeste,Relógio,Acessórios,2.0,476.33
2025-02-28,Loja Sul Plaza,Sul,Cafeteira,Casa,2.0,185.44
2025-02-28,Loja Nordeste Mall,Nordeste,Mochila,Acessórios,1.0,142.89
2025-02-28,Loja Sul Plaza,Sul,Panela de Pressão,Casa,1.0,86.16
2025-02-28,Loja Centro,Sudeste,Relógio,Acessórios,7.0,527.95
2025-02-28,Loja Centro,Sudeste,Relógio,Acessórios,3.0,518.73
2025-02-28,Loja Centro,Sudeste,Cafeteira,Casa,4.0,213.38
2025-03-01,Loja Sul Plaza,Sul,Fone Bluetooth,Eletrônicos,1.0,282.45
2025-03-01,Loja Centro,Sudeste,Liquidificador,Casa,6.0,129.64
2025-03-01,Loja Nordeste Mall,Nordeste,Relógio,Acessórios,4.0,477.05
2025-03-01,Loja Savassi,Sudeste,Tênis,Vestuário,3.0,320.85
2025-03-01,Loja Centro,Sudeste,Relógio,Acessórios,2.0,527.44
2025-03-02,Loja Nordeste Mall,Nordeste,Calça Jeans,Vestuário,4.0,158.65
2025-03-02,Loja Centro,Sudeste,Mochila,Acessórios,6.0,150.03
2025-03-02,Loja Centro,Sudeste,Calça Jeans,Vestuário,3.0,160.67
2025-03-02,Loja Savassi,Sudeste,Cafeteira,Casa,6.0,192.12
2025-03-02,Loja Norte Shopping,Norte,Liquidificador,Casa,3.0,136.21
2025-03-03,Loja Centro,Sudeste,Mochila,Acessórios,7.0,157.3
2025-03-03,Loja Savassi,Sudeste,Camiseta,Vestuário,5.0,60.14
2025-03-03,Loja Sul Plaza,Sul,Fone Bluetooth,Eletrônicos,6.0,287.32
2025-03-03,Loja Sul Plaza,Sul,Tênis,Vestuário,6.0,338.61
2025-03-03,Loja Savassi,Sudeste,Notebook,Eletrônicos,6.0,3645.27
2025-03-03,Loja Centro,Sudeste,Tênis,Vestuário,4.0,309.26
2025-03-03,Loja Savassi,Sudeste,Cafeteira,Casa,2.0,214.64
2025-03-04,Loja Sul Plaza,Sul,Panela de Pressão,Casa,4.0,84.0
2025-03-04,Loja Centro,Sudeste,Panela de Pressão,Casa,4.0,83.43
2025-03-04,Loja Savassi,Sudeste,Liquidificador,Casa,2.0,145.08
2025-03-04,Loja Savassi,Sudeste,Tênis,Vestuário,5.0,282.31
2025-03-04,Loja Nordeste Mall,Nordeste,Cafeteira,Casa,1.0,207.48
2025-03-04,Loja Centro,Sudeste,Mochila,Acessórios,1.0,142.94
2025-03-04,Loja Sul Plaza,Sul,Notebook,Eletrônicos,6.0,3187.18
2025-03-04,Loja Sul Plaza,Sul,Camiseta,Vestuário,6.0,64.95
2025-03-04,Loja Sul Plaza,Sul,Calça Jeans,Vestuário,2.0,160.82
2025-03-05,Loja Sul Plaza,Sul,Relógio,Acessórios,4.0,505.06
2025-03-05,Loja Centro,Sudeste,Relógio,Acessórios,3.0,442.45
2025-03-05,Loja Savassi,Sudeste,Smartphone,Eletrônicos,5.0,2056.7
2025-03-06,Loja Norte Shopping,Norte,Calça Jeans,Vestuário,7.0,123.85
2025-03-06,Loja Centro,Sudeste,Camiseta,Vestuário,2.0,53.29
2025-03-06,Loja Savassi,Sudeste,Tênis,Vestuário,7.0,275.52
2025-03-06,Loja Centro,Sudeste,Relógio,Acessórios,6.0,500.06
2025-03-07,Loja Centro,Sudeste,Cafeteira,Casa,1.0,198.01
2025-03-07,Loja Centro,Sudeste,Tênis,Vestuário,1.0,285.93
2025-03-07,Loja Norte Shopping,Norte,Relógio,Acessórios,5.0,485.1
2025-03-07,Loja Norte Shopping,Norte,Mochila,Acessórios,1.0,153.23
2025-03-08,Loja Savassi,Sudeste,Mochila,Acessórios,5.0,129.77
2025-03-08,Loja Norte Shopping,Norte,Camiseta,Vestuário,7.0,56.5
2025-03-08,Loja Nordeste Mall,Nordeste,Fone Bluetooth,Eletrônicos,2.0,215.74
2025-03-09,Loja Norte Shopping,Norte,Smartphone,Eletrônicos,2.0,2077.61
2025-03-09,Loja Centro,Sudeste,Smartphone,Eletrônicos,7.0,2369.74
2025-03-09,Loja Norte Shopping,Norte,Mochila,Acessórios,2.0,168.65
2025-03-10,Loja Centro,Sudeste,Camiseta,Vestuário,7.0,60.72
2025-03-10,Loja Sul Plaza,Sul,Notebook,Eletrônicos,2.0,3782.56
2025-03-10,Loja Sul Plaza,Sul,Cafeteira,Casa,7.0,200.91
2025-03-10,Loja Centro,Sudeste,Panela de Pressão,Casa,7.0,102.82
2025-03-10,Loja Nordeste Mall,Nordeste,Notebook,Eletrônicos,6.0,3595.36
2025-03-10,Loja Savassi,Sudeste,Calça Jeans,Vestuário,3.0,125.87
2025-03-10,Loja Savassi,Sudeste,Camiseta,Vestuário,2.0,56.82
2025-03-11,Loja Sul Plaza,Sul,Camiseta,Vestuário,6.0,63.44
2025-03-11,Loja Savassi,Sudeste,Liquidificador,Casa,4.0,138.75
2025-03-13,Loja Savassi,Sudeste,Mochila,Acessórios,3.0,149.15
2025-03-13,Loja Centro,Sudeste,Relógio,Acessórios,1.0,540.13
2025-03-13,Loja Norte Shopping,Norte,Panela de Pressão,Casa,1.0,104.47
2025-03-13,Loja Sul Plaza,Sul,Relógio,Acessórios,4.0,529.59
2025-03-13,Loja Centro,Sudeste,Camiseta,Vestuário,7.0,58.87
2025-03-13,Loja Centro,Sudeste,Camiseta,Vestuário,5.0,55.94
2025-03-14,Loja Centro,Sudeste,Tênis,Vestuário,3.0,325.21
2025-03-14,Loja Centro,Sudeste,Fone Bluetooth,Eletrônicos,5.0,240.6
2025-03-14,Loja Sul Plaza,Sul,Camiseta,Vestuário,5.0,59.26
2025-03-14,Loja Norte Shopping,Norte,Cafeteira,Casa,3.0,209.09
2025-03-15,Loja Savassi,Sudeste,Smartphone,Eletrônicos,2.0,2328.59
2025-03-15,Loja Centro,Sudeste,Camiseta,Vestuário,7.0,62.73
2025-03-16,Loja Sul Plaza,Sul,Cafeteira,Casa,5.0,222.8
2025-03-16,Loja Centro,Sudeste,Tênis,Vestuário,3.0,279.3
2025-03-16,Loja Sul Plaza,Sul,Calça Jeans,Vestuário,3.0,120.09
2025-03-16,Loja Centro,Sudeste,Tênis,Vestuário,3.0,275.87
2025-03-16,Loja Sul Plaza,Sul,Tênis,Vestuário,3.0,360.46
2025-03-16,Loja Norte Shopping,Norte,Cafeteira,Casa,5.0,228.17
2025-03-16,Loja Norte Shopping,Norte,Smartphone,Eletrônicos,5.0,
2025-03-17,Loja Centro,Sudeste,Panela de Pressão,Casa,1.0,105.14
2025-03-17,Loja Nordeste Mall,Nordeste,Fone Bluetooth,Eletrônicos,4.0,264.12
2025-03-17,Loja Sul Plaza,Sul,Cafeteira,Casa,7.0,201.17
2025-03-17,Loja Centro,Sudeste,Fone Bluetooth,Eletrônicos,4.0,235.43
2025-03-17,Loja Sul Plaza,Sul,Cafeteira,Casa,2.0,186.41
2025-03-17,Loja Sul Plaza,Sul,Notebook,Eletrônicos,2.0,3349.06
2025-03-18,Loja Centro,Sudeste,Cafeteira,Casa,7.0,233.08
2025-03-18,Loja Norte Shopping,Norte,Fone Bluetooth,Eletrônicos,5.0,232.92
2025-03-19,Loja Savassi,Sudeste,Cafeteira,Casa,3.0,196.45
2025-03-19,Loja Savassi,Sudeste,Relógio,Acessórios,7.0,494.89
2025-03-19,Loja Centro,Sudeste,Fone Bluetooth,Eletrônicos,7.0,254.11
2025-03-19,Loja Norte Shopping,Norte,Calça Jeans,Vestuário,3.0,133.19
2025-03-19,Loja Centro,Sudeste,Smartphone,Eletrônicos,7.0,2050.89
2025-03-19,Loja Sul Plaza,Sul,Calça Jeans,Vestuário,2.0,126.1
2025-03-20,Loja Centro,Sudeste,Calça Jeans,Vestuário,2.0,131.33
2025-03-20,Loja Norte Shopping,Norte,Smartphone,Eletrônicos,6.0,2349.81
2025-03-21,Loja Centro,Sudeste,Cafeteira,Casa,3.0,218.03
2025-03-21,Loja Savassi,Sudeste,Mochila,Acessórios,2.0,128.29
2025-03-21,Loja Nordeste Mall,Nordeste,Cafeteira,Casa,7.0,184.42
2025-03-21,Loja Centro,Sudeste,Smartphone,Eletrônicos,2.0,2218.63
2025-03-22,Loja Nordeste Mall,Nordeste,Camiseta,Vestuário,2.0,55.21
2025-03-22,Loja Centro,Sudeste,Cafeteira,Casa,6.0,211.72
2025-03-22,Loja Norte Shopping,Norte,Panela de Pressão,Casa,3.0,103.82
2025-03-22,Loja Norte Shopping,Norte,Liquidificador,Casa,7.0,149.36
2025-03-22,Loja Sul Plaza,Sul,Tênis,Vestuário,5.0,300.66
2025-03-22,Loja Centro,Sudeste,Panela de Pressão,Casa,2.0,99.61
2025-03-22,Loja Sul Plaza,Sul,Smartphone,Eletrônicos,4.0,2123.04
2025-03-23,Loja Centro,Sudeste,Mochila,Acessórios,1.0,148.83
2025-03-23,Loja Savassi,Sudeste,Tênis,Vestuário,1.0,363.95
2025-03-23,Loja Centro,Sudeste,Camiseta,Vestuário,,52.58
2025-03-23,Loja Sul Plaza,Sul,Liquidificador,Casa,6.0,133.11
2025-03-23,Loja Norte Shopping,Norte,Fone Bluetooth,Eletrônicos,5.0,248.5
2025-03-24,Loja Sul Plaza,Sul,Smartphone,Eletrônicos,5.0,2207.48
2025-03-24,Loja Savassi,Sudeste,Smartphone,Eletrônicos,7.0,2030.34
2025-03-25,Loja Centro,Sudeste,Notebook,Eletrônicos,5.0,3958.05
2025-03-25,Loja Centro,Sudeste,Notebook,Eletrônicos,2.0,3933.23
2025-03-25,Loja Norte Shopping,Norte,Fone Bluetooth,Eletrônicos,4.0,243.31
2025-03-25,Loja Centro,Sudeste,Calça Jeans,Vestuário,3.0,141.71
2025-03-25,Loja Norte Shopping,Norte,Panela de Pressão,Casa,7.0,92.61
2025-03-25,Loja Nordeste Mall,Nordeste,Panela de Pressão,Casa,7.0,106.1
2025-03-25,Loja Centro,Sudeste,Liquidificador,Casa,4.0,110.87
2025-03-25,Loja Centro,Sudeste,Notebook,Eletrônicos,2.0,3889.83
2025-03-26,Loja Norte Shopping,Norte,Relógio,Acessórios,2.0,415.18
2025-03-26,Loja Savassi,Sudeste,Relógio,Acessórios,3.0,450.18
2025-03-27,Loja Norte Shopping,Norte,Cafeteira,Casa,4.0,211.77
2025-03-27,Loja Sul Plaza,Sul,Tênis,Vestuário,2.0,272.96
2025-03-27,Loja Centro,Sudeste,Tênis,Vestuário,6.0,291.92
2025-03-27,Loja Norte Shopping,Norte,Camiseta,Vestuário,1.0,53.52
2025-03-27,Loja Sul Plaza,Sul,Panela de Pressão,Casa,5.0,83.95
2025-03-27,Loja Savassi,Sudeste,Panela de Pressão,Casa,4.0,99.39
2025-03-28,Loja Savassi,Sudeste,Liquidificador,Casa,3.0,130.57
2025-03-28,Loja Sul Plaza,Sul,Smartphone,Eletrônicos,2.0,2414.85
2025-03-28,Loja Nordeste Mall,Nordeste,Cafeteira,Casa,7.0,235.07
2025-03-28,Loja Centro,Sudeste,Calça Jeans,Vestuário,7.0,150.28
2025-03-29,Loja Centro,Sudeste,Calça Jeans,Vestuário,1.0,135.48
2025-03-29,Loja Savassi,Sudeste,Cafeteira,Casa,4.0,238.34
2025-03-29,Loja Nordeste Mall,Nordeste,Fone Bluetooth,Eletrônicos,6.0,284.56
2025-03-30,Loja Centro,Sudeste,Smartphone,Eletrônicos,2.0,2389.11
2025-03-30,Loja Nordeste Mall,Nordeste,Camiseta,Vestuário,7.0,61.03
2025-03-30,Loja Nordeste Mall,Nordeste,Liquidificador,Casa,7.0,111.26
2025-03-30,Loja Norte Shopping,Norte,Calça Jeans,Vestuário,5.0,152.45
2025-03-30,Loja Norte Shopping,Norte,Camiseta,Vestuário,6.0,61.03
2025-03-30,Loja Norte Shopping,Norte,Fone Bluetooth,Eletrônicos,4.0,281.84
2025-03-31,Loja Savassi,Sudeste,Fone Bluetooth,Eletrônicos,2.0,249.86
2025-03-31,Loja Centro,Sudeste,Camiseta,Vestuário,1.0,59.38
2025-03-31,Loja Savassi,Sudeste,Cafeteira,Casa,1.0,187.67
2025-03-31,Loja Sul Plaza,Sul,Liquidificador,Casa,1.0,139.5
2025-03-31,Loja Norte Shopping,Norte,Cafeteira,Casa,3.0,222.37
2025-03-31,Loja Savassi,Sudeste,Fone Bluetooth,Eletrônicos,2.0,225.01
2025-03-31,Loja Savassi,Sudeste,Notebook,Eletrônicos,1.0,3512.92
2025-04-01,Loja Norte Shopping,Norte,Cafeteira,Casa,1.0,204.25
2025-04-02,Loja Norte Shopping,Norte,Liquidificador,Casa,5.0,133.92
2025-04-02,Loja Nordeste Mall,Nordeste,Camiseta,Vestuário,3.0,65.66
2025-04-02,Loja Nordeste Mall,Nordeste,Fone Bluetooth,Eletrônicos,3.0,280.44
2025-04-02,Loja Sul Plaza,Sul,Fone Bluetooth,Eletrônicos,1.0,243.53
2025-04-02,Loja Nordeste Mall,Nordeste,Relógio,Acessórios,7.0,507.3
2025-04-02,Loja Norte Shopping,Norte,Fone Bluetooth,Eletrônicos,5.0,254.46
2025-04-02,Loja Sul Plaza,Sul,Panela de Pressão,Casa,3.0,95.78
2025-04-02,Loja Centro,Sudeste,Notebook,Eletrônicos,5.0,3264.72
2025-04-02,Loja Centro,Sudeste,Cafeteira,Casa,7.0,229.65
2025-04-03,Loja Centro,Sudeste,Relógio,Acessórios,3.0,442.66
2025-04-03,Loja Savassi,Sudeste,Liquidificador,Casa,4.0,127.51
2025-04-03,Loja Norte Shopping,Norte,Calça Jeans,Vestuário,1.0,131.11
2025-04-03,Loja Sul Plaza,Sul,Mochila,Acessórios,3.0,139.18
2025-04-03,Loja Sul Plaza,Sul,Fone Bluetooth,Eletrônicos,2.0,250.61
2025-04-04,Loja Centro,Sudeste,Mochila,Acessórios,5.0,134.42
2025-04-04,Loja Norte Shopping,Norte,Camiseta,Vestuário,2.0,52.18
2025-04-04,Loja Sul Plaza,Sul,Panela de Pressão,Casa,6.0,90.69
2025-04-05,Loja Centro,Sudeste,Relógio,Acessórios,5.0,483.91
2025-04-05,Loja Nordeste Mall,Nordeste,Calça Jeans,Vestuário,4.0,155.24
2025-04-05,Loja Savassi,Sudeste,Panela de Pressão,Casa,6.0,
2025-04-05,Loja Savassi,Sudeste,Notebook,Eletrônicos,1.0,3926.32
2025-04-05,Loja Savassi,Sudeste,Camiseta,Vestuário,1.0,62.57
2025-04-05,Loja Sul Plaza,Sul,Smartphone,Eletrônicos,5.0,2301.17
2025-04-05,Loja Norte Shopping,Norte,Camiseta,Vestuário,,56.58
2025-04-05,Loja Centro,Sudeste,Liquidificador,Casa,2.0,133.86
2025-04-06,Loja Centro,Sudeste,Relógio,Acessórios,4.0,412.39
2025-04-06,Loja Nordeste Mall,Nordeste,Notebook,Eletrônicos,7.0,3834.68
2025-04-06,Loja Savassi,Sudeste,Fone Bluetooth,Eletrônicos,7.0,266.59
2025-04-06,Loja Savassi,Sudeste,Relógio,Acessórios,2.0,544.31
2025-04-06,Loja Norte Shopping,Norte,Notebook,Eletrônicos,4.0,3741.42
2025-04-06,Loja Centro,Sudeste,Calça Jeans,Vestuário,5.0,148.09
2025-04-06,Loja Sul Plaza,Sul,Smartphone,Eletrônicos,1.0,2528.83
2025-04-06,Loja Centro,Sudeste,Relógio,Acessórios,3.0,541.59
2025-04-07,Loja Sul Plaza,Sul,Relógio,Acessórios,2.0,435.53
2025-04-07,Loja Sul Plaza,Sul,Smartphone,Eletrônicos,4.0,2086.31
2025-04-07,Loja Sul Plaza,Sul,Calça Jeans,Vestuário,3.0,146.92
2025-04-07,Loja Savassi,Sudeste,Cafeteira,Casa,7.0,234.0
2025-04-08,Loja Savassi,Sudeste,Panela de Pressão,Casa,5.0,81.14
2025-04-08,Loja Centro,Sudeste,Fone Bluetooth,Eletrônicos,6.0,219.36
2025-04-08,Loja Savassi,Sudeste,Liquidificador,Casa,,120.29
2025-04-08,Loja Norte Shopping,Norte,Cafeteira,Casa,5.0,209.73
2025-04-08,Loja Centro,Sudeste,Mochila,Acessórios,4.0,165.64
2025-04-08,Loja Savassi,Sudeste,Calça Jeans,Vestuário,4.0,155.42
2025-04-08,Loja Nordeste Mall,Nordeste,Tênis,Vestuário,3.0,277.23
2025-04-08,Loja Sul Plaza,Sul,Notebook,Eletrônicos,7.0,3161.44
2025-04-09,Loja Centro,Sudeste,Camiseta,Vestuário,2.0,57.53
2025-04-09,Loja Nordeste Mall,Nordeste,Calça Jeans,Vestuário,5.0,151.55
2025-04-09,Loja Savassi,Sudeste,Smartphone,Eletrônicos,3.0,2177.04
2025-04-09,Loja Savassi,Sudeste,Cafeteira,Casa,1.0,235.32
2025-04-09,Loja Centro,Sudeste,Panela de Pressão,Casa,1.0,93.48
2025-04-09,Loja Centro,Sudeste,Panela de Pressão,Casa,4.0,96.19
2025-04-09,Loja Norte Shopping,Norte,Liquidificador,Casa,4.0,136.88
2025-04-09,Loja Nordeste Mall,Nordeste,Cafeteira,Casa,4.0,240.85
2025-04-09,Loja Sul Plaza,Sul,Cafeteira,Casa,2.0,230.45
2025-04-09,Loja Savassi,Sudeste,Cafeteira,Casa,1.0,232.02
2025-04-09,Loja Norte Shopping,Norte,Relógio,Acessórios,3.0,515.22
2025-04-10,Loja Centro,Sudeste,Tênis,Vestuário,7.0,299.55
2025-04-10,Loja Savassi,Sudeste,Tênis,Vestuário,1.0,358.68
2025-04-10,Loja Sul Plaza,Sul,Calça Jeans,Vestuário,7.0,142.5
2025-04-10,Loja Centro,Sudeste,Notebook,Eletrônicos,3.0,3249.31
2025-04-10,Loja Savassi,Sudeste,Camiseta,Vestuário,5.0,58.4
2025-04-11,Loja Centro,Sudeste,Relógio,Acessórios,5.0,519.18
2025-04-11,Loja Savassi,Sudeste,Cafeteira,Casa,5.0,201.28
2025-04-11,Loja Centro,Sudeste,Notebook,Eletrônicos,2.0,3392.66
2025-04-11,Loja Centro,Sudeste,Mochila,Acessórios,6.0,156.13
2025-04-11,Loja Norte Shopping,Norte,Relógio,Acessórios,6.0,459.76
2025-04-11,Loja Centro,Sudeste,Camiseta,Vestuário,2.0,52.68
2025-04-11,Loja Norte Shopping,Norte,Fone Bluetooth,Eletrônicos,5.0,226.07
2025-04-11,Loja Centro,Sudeste,Calça Jeans,Vestuário,7.0,150.77
2025-04-12,Loja Centro,Sudeste,Tênis,Vestuário,4.0,346.43
2025-04-12,Loja Norte Shopping,Norte,Liquidificador,Casa,1.0,143.83
2025-04-13,Loja Norte Shopping,Norte,Panela de Pressão,Casa,3.0,107.35
2025-04-13,Loja Norte Shopping,Norte,Tênis,Vestuário,4.0,283.36
2025-04-13,Loja Centro,Sudeste,Camiseta,Vestuário,1.0,65.73
2025-04-13,Loja Norte Shopping,Norte,Fone Bluetooth,Eletrônicos,4.0,232.05
2025-04-13,Loja Norte Shopping,Norte,Notebook,Eletrônicos,5.0,3674.15
2025-04-13,Loja Nordeste Mall,Nordeste,Fone Bluetooth,Eletrônicos,1.0,246.06
2025-04-14,Loja Norte Shopping,Norte,Mochila,Acessórios,1.0,130.12
2025-04-14,Loja Savassi,Sudeste,Camiseta,Vestuário,6.0,56.18
2025-04-14,Loja Sul Plaza,Sul,Relógio,Acessórios,2.0,413.47
2025-04-14,Loja Centro,Sudeste,Relógio,Acessórios,3.0,551.22
2025-04-14,Loja Norte Shopping,Norte,Calça Jeans,Vestuário,3.0,130.18
2025-04-14,Loja Centro,Sudeste,Relógio,Acessórios,2.0,481.23
2025-04-14,Loja Nordeste Mall,Nordeste,Cafeteira,Casa,,190.05
2025-04-14,Loja Savassi,Sudeste,Camiseta,Vestuário,2.0,62.36
2025-04-15,Loja Savassi,Sudeste,Mochila,Acessórios,5.0,167.5
2025-04-15,Loja Savassi,Sudeste,Fone Bluetooth,Eletrônicos,2.0,281.14
2025-04-15,Loja Centro,Sudeste,Mochila,Acessórios,6.0,141.78
2025-04-15,Loja Centro,Sudeste,Tênis,Vestuário,1.0,356.56
2025-04-16,Loja Savassi,Sudeste,Calça Jeans,Vestuário,1.0,146.78
2025-04-16,Loja Savassi,Sudeste,Smartphone,Eletrônicos,3.0,2369.11
2025-04-16,Loja Centro,Sudeste,Liquidificador,Casa,2.0,127.31
2025-04-16,Loja Sul Plaza,Sul,Tênis,Vestuário,3.0,345.94
2025-04-16,Loja Savassi,Sudeste,Calça Jeans,Vestuário,5.0,139.9
2025-04-17,Loja Savassi,Sudeste,Calça Jeans,Vestuário,1.0,131.52
2025-04-17,Loja Centro,Sudeste,Smartphone,Eletrônicos,7.0,2426.4
2025-04-17,Loja Norte Shopping,Norte,Cafeteira,Casa,2.0,185.2
2025-04-17,Loja Centro,Sudeste,Camiseta,Vestuário,2.0,68.34
2025-04-18,Loja Norte Shopping,Norte,Liquidificador,Casa,5.0,113.45
2025-04-18,Loja Centro,Sudeste,Liquidificador,Casa,5.0,118.8
2025-04-18,Loja Sul Plaza,Sul,Liquidificador,Casa,4.0,119.9
2025-04-18,Loja Centro,Sudeste,Notebook,Eletrônicos,4.0,3210.59
2025-04-18,Loja Centro,Sudeste,Panela de Pressão,Casa,2.0,81.75
2025-04-19,Loja Centro,Sudeste,Smartphone,Eletrônicos,5.0,2224.87
2025-04-19,Loja Centro,Sudeste,Camiseta,Vestuário,3.0,62.62
2025-04-19,Loja Sul Plaza,Sul,Tênis,Vestuário,6.0,
2025-04-20,Loja Nordeste Mall,Nordeste,Calça Jeans,Vestuário,3.0,160.22
2025-04-21,Loja Savassi,Sudeste,Relógio,Acessórios,1.0,510.37
2025-04-21,Loja Norte Shopping,Norte,Cafeteira,Casa,7.0,180.76
2025-04-21,Loja Centro,Sudeste,Cafeteira,Casa,5.0,205.95
2025-04-21,Loja Sul Plaza,Sul,Cafeteira,Casa,4.0,223.81
2025-04-21,Loja Nordeste Mall,Nordeste,Liquidificador,Casa,7.0,139.95
2025-04-21,Loja Norte Shopping,Norte,Tênis,Vestuário,5.0,278.83
2025-04-21,Loja Centro,Sudeste,Tênis,Vestuário,1.0,342.17
2025-04-21,Loja Savassi,Sudeste,Notebook,Eletrônicos,3.0,3661.94
2025-04-21,Loja Centro,Sudeste,Liquidificador,Casa,7.0,144.91
2025-04-21,Loja Norte Shopping,Norte,Fone Bluetooth,Eletrônicos,7.0,217.93
2025-04-22,Loja Sul Plaza,Sul,Tênis,Vestuário,5.0,349.17
2025-04-22,Loja Sul Plaza,Sul,Camiseta,Vestuário,2.0,54.38
2025-04-22,Loja Centro,Sudeste,Camiseta,Vestuário,5.0,
2025-04-22,Loja Centro,Sudeste,Mochila,Acessórios,6.0,157.65
2025-04-22,Loja Centro,Sudeste,Camiseta,Vestuário,4.0,67.25
2025-04-23,Loja Savassi,Sudeste,Liquidificador,Casa,3.0,114.59
2025-04-23,Loja Centro,Sudeste,Smartphone,Eletrônicos,6.0,1943.68
2025-04-23,Loja Centro,Sudeste,Notebook,Eletrônicos,3.0,3794.6
2025-04-23,Loja Nordeste Mall,Nordeste,Mochila,Acessórios,7.0,145.79
2025-04-23,Loja Savassi,Sudeste,Mochila,Acessórios,3.0,129.63
2025-04-23,Loja Centro,Sudeste,Relógio,Acessórios,2.0,527.98
2025-04-23,Loja Centro,Sudeste,Tênis,Vestuário,4.0,274.08
2025-04-23,Loja Nordeste Mall,Nordeste,Panela de Pressão,Casa,4.0,98.59
2025-04-23,Loja Nordeste Mall,Nordeste,Notebook,Eletrônicos,3.0,3901.59
2025-04-23,Loja Centro,Sudeste,Cafeteira,Casa,7.0,184.88
2025-04-24,Loja Centro,Sudeste,Calça Jeans,Vestuário,2.0,158.04
2025-04-24,Loja Sul Plaza,Sul,Mochila,Acessórios,5.0,139.14
2025-04-24,Loja Savassi,Sudeste,Fone Bluetooth,Eletrônicos,2.0,278.98
2025-04-24,Loja Savassi,Sudeste,Liquidificador,Casa,2.0,117.27
2025-04-25,Loja Norte Shopping,Norte,Liquidificador,Casa,5.0,132.22
2025-04-25,Loja Savassi,Sudeste,Liquidificador,Casa,7.0,141.06
2025-04-25,Loja Centro,Sudeste,Tênis,Vestuário,5.0,345.34
2025-04-25,Loja Savassi,Sudeste,Tênis,Vestuário,7.0,344.03
2025-04-26,Loja Norte Shopping,Norte,Camiseta,Vestuário,4.0,
2025-04-26,Loja Centro,Sudeste,Camiseta,Vestuário,3.0,67.57
2025-04-26,Loja Centro,Sudeste,Liquidificador,Casa,1.0,111.8
2025-04-26,Loja Centro,Sudeste,Liquidificador,Casa,2.0,120.52
2025-04-27,Loja Norte Shopping,Norte,Notebook,Eletrônicos,5.0,3566.42
2025-04-27,Loja Savassi,Sudeste,Notebook,Eletrônicos,6.0,3031.92
2025-04-27,Loja Nordeste Mall,Nordeste,Camiseta,Vestuário,2.0,52.9
2025-04-27,Loja Savassi,Sudeste,Camiseta,Vestuário,2.0,55.46
2025-04-27,Loja Centro,Sudeste,Smartphone,Eletrônicos,2.0,2369.9
2025-04-27,Loja Centro,Sudeste,Mochila,Acessórios,4.0,158.33
2025-04-27,Loja Savassi,Sudeste,Mochila,Acessórios,5.0,129.37
2025-04-28,Loja Nordeste Mall,Nordeste,Relógio,Acessórios,7.0,521.43
2025-04-28,Loja Centro,Sudeste,Mochila,Acessórios,2.0,152.09
2025-04-28,Loja Sul Plaza,Sul,Fone Bluetooth,Eletrônicos,5.0,228.98
2025-04-28,Loja Norte Shopping,Norte,Camiseta,Vestuário,7.0,61.16
2025-04-28,Loja Savassi,Sudeste,Notebook,Eletrônicos,3.0,3386.6
2025-04-28,Loja Sul Plaza,Sul,Notebook,Eletrônicos,7.0,3817.31
2025-04-28,Loja Centro,Sudeste,Cafeteira,Casa,1.0,213.77
2025-04-29,Loja Centro,Sudeste,Liquidificador,Casa,5.0,136.57
2025-04-29,Loja Sul Plaza,Sul,Fone Bluetooth,Eletrônicos,3.0,269.42
2025-04-29,Loja Savassi,Sudeste,Fone Bluetooth,Eletrônicos,1.0,269.82
2025-04-29,Loja Sul Plaza,Sul,Smartphone,Eletrônicos,5.0,2232.62
2025-04-30,Loja Sul Plaza,Sul,Cafeteira,Casa,4.0,229.11
2025-04-30,Loja Centro,Sudeste,Smartphone,Eletrônicos,1.0,1942.36
2025-04-30,Loja Nordeste Mall,Nordeste,Calça Jeans,Vestuário,2.0,
2025-04-30,Loja Savassi,Sudeste,Notebook,Eletrônicos,5.0,3984.96
2025-04-30,Loja Sul Plaza,Sul,Notebook,Eletrônicos,5.0,3159.84
2025-04-30,Loja Savassi,Sudeste,Smartphone,Eletrônicos,4.0,1932.49
2025-04-30,Loja Sul Plaza,Sul,Cafeteira,Casa,4.0,214.8
2025-05-01,Loja Centro,Sudeste,Notebook,Eletrônicos,1.0,3053.88
2025-05-01,Loja Norte Shopping,Norte,Relógio,Acessórios,4.0,504.89
2025-05-01,Loja Nordeste Mall,Nordeste,Notebook,Eletrônicos,6.0,3123.31
2025-05-02,Loja Sul Plaza,Sul,Smartphone,Eletrônicos,3.0,2252.65
2025-05-02,Loja Sul Plaza,Sul,Fone Bluetooth,Eletrônicos,4.0,259.69
2025-05-02,Loja Norte Shopping,Norte,Smartphone,Eletrônicos,3.0,2409.74
2025-05-02,Loja Sul Plaza,Sul,Liquidificador,Casa,5.0,137.89
2025-05-02,Loja Centro,Sudeste,Camiseta,Vestuário,1.0,52.56
2025-05-02,Loja Centro,Sudeste,Tênis,Vestuário,5.0,281.78
2025-05-02,Loja Savassi,Sudeste,Cafeteira,Casa,5.0,234.98
2025-05-02,Loja Norte Shopping,Norte,Relógio,Acessórios,5.0,443.21
2025-05-02,Loja Sul Plaza,Sul,Smartphone,Eletrônicos,4.0,2246.85
2025-05-03,Loja Centro,Sudeste,Mochila,Acessórios,6.0,154.61
2025-05-03,Loja Sul Plaza,Sul,Panela de Pressão,Casa,,83.75
2025-05-03,Loja Savassi,Sudeste,Mochila,Acessórios,5.0,128.15
2025-05-03,Loja Norte Shopping,Norte,Relógio,Acessórios,6.0,480.04
2025-05-04,Loja Savassi,Sudeste,Panela de Pressão,Casa,5.0,83.38
2025-05-04,Loja Norte Shopping,Norte,Cafeteira,Casa,4.0,202.98
2025-05-04,Loja Norte Shopping,Norte,Panela de Pressão,Casa,4.0,98.49
2025-05-05,Loja Norte Shopping,Norte,Tênis,Vestuário,5.0,288.45
2025-05-05,Loja Savassi,Sudeste,Camiseta,Vestuário,5.0,51.16
2025-05-05,Loja Centro,Sudeste,Mochila,Acessórios,2.0,163.38
2025-05-06,Loja Centro,Sudeste,Panela de Pressão,Casa,4.0,82.62
2025-05-06,Loja Centro,Sudeste,Fone Bluetooth,Eletrônicos,1.0,250.09
2025-05-06,Loja Nordeste Mall,Nordeste,Smartphone,Eletrônicos,1.0,2207.65
2025-05-06,Loja Savassi,Sudeste,Smartphone,Eletrônicos,1.0,2312.49
2025-05-06,Loja Savassi,Sudeste,Smartphone,Eletrônicos,,2126.12
2025-05-06,Loja Sul Plaza,Sul,Notebook,Eletrônicos,4.0,3737.62
2025-05-07,Loja Nordeste Mall,Nordeste,Notebook,Eletrônicos,1.0,3113.64
2025-05-07,Loja Centro,Sudeste,Mochila,Acessórios,4.0,167.24
2025-05-07,Loja Savassi,Sudeste,Camiseta,Vestuário,3.0,59.89
2025-05-07,Loja Nordeste Mall,Nordeste,Tênis,Vestuário,2.0,342.36
2025-05-07,Loja Norte Shopping,Norte,Relógio,Acessórios,1.0,531.67
2025-05-08,Loja Sul Plaza,Sul,Smartphone,Eletrônicos,6.0,1907.12
2025-05-08,Loja Norte Shopping,Norte,Panela de Pressão,Casa,4.0,101.18
2025-05-08,Loja Sul Plaza,Sul,Mochila,Acessórios,1.0,146.68
2025-05-08,Loja Savassi,Sudeste,Mochila,Acessórios,1.0,155.2
2025-05-08,Loja Norte Shopping,Norte,Panela de Pressão,Casa,7.0,106.83
2025-05-08,Loja Norte Shopping,Norte,Liquidificador,Casa,6.0,114.11
2025-05-08,Loja Norte Shopping,Norte,Camiseta,Vestuário,1.0,57.14
2025-05-09,Loja Savassi,Sudeste,Smartphone,Eletrônicos,6.0,
2025-05-09,Loja Centro,Sudeste,Fone Bluetooth,Eletrônicos,1.0,279.09
2025-05-09,Loja Sul Plaza,Sul,Fone Bluetooth,Eletrônicos,1.0,283.61
2025-05-09,Loja Norte Shopping,Norte,Relógio,Acessórios,2.0,503.68
2025-05-10,Loja Savassi,Sudeste,Cafeteira,Casa,2.0,179.66
2025-05-10,Loja Centro,Sudeste,Notebook,Eletrônicos,7.0,3443.07
2025-05-10,Loja Savassi,Sudeste,Mochila,Acessórios,2.0,167.77
2025-05-10,Loja Norte Shopping,Norte,Liquidificador,Casa,,125.47
2025-05-10,Loja Centro,Sudeste,Tênis,Vestuário,3.0,272.28
2025-05-10,Loja Norte Shopping,Norte,Mochila,Acessórios,1.0,152.44
2025-05-10,Loja Norte Shopping,Norte,Liquidificador,Casa,3.0,147.78
2025-05-11,Loja Norte Shopping,Norte,Cafeteira,Casa,2.0,215.54
2025-05-11,Loja Savassi,Sudeste,Fone Bluetooth,Eletrônicos,4.0,283.95
2025-05-11,Loja Savassi,Sudeste,Cafeteira,Casa,1.0,184.5
2025-05-11,Loja Sul Plaza,Sul,Camiseta,Vestuário,4.0,63.57
2025-05-11,Loja Centro,Sudeste,Smartphone,Eletrônicos,1.0,2050.95
2025-05-11,Loja Sul Plaza,Sul,Calça Jeans,Vestuário,1.0,155.15
2025-05-11,Loja Norte Shopping,Norte,Smartphone,Eletrônicos,4.0,2327.58
2025-05-11,Loja Savassi,Sudeste,Calça Jeans,Vestuário,,137.76
2025-05-11,Loja Savassi,Sudeste,Cafeteira,Casa,4.0,199.02
2025-05-12,Loja Nordeste Mall,Nordeste,Tênis,Vestuário,,319.76
2025-05-12,Loja Savassi,Sudeste,Relógio,Acessórios,2.0,442.89
2025-05-12,Loja Savassi,Sudeste,Calça Jeans,Vestuário,7.0,160.25
2025-05-13,Loja Sul Plaza,Sul,Mochila,Acessórios,2.0,147.23
2025-05-13,Loja Sul Plaza,Sul,Tênis,Vestuário,7.0,365.36
2025-05-13,Loja Sul Plaza,Sul,Camiseta,Vestuário,7.0,52.08
2025-05-13,Loja Sul Plaza,Sul,Relógio,Acessórios,6.0,442.03
2025-05-13,Loja Savassi,Sudeste,Cafeteira,Casa,4.0,
2025-05-13,Loja Nordeste Mall,Nordeste,Mochila,Acessórios,7.0,172.1
2025-05-13,Loja Centro,Sudeste,Notebook,Eletrônicos,6.0,3610.72
2025-05-13,Loja Nordeste Mall,Nordeste,Liquidificador,Casa,2.0,117.31
2025-05-14,Loja Sul Plaza,Sul,Relógio,Acessórios,5.0,473.13
2025-05-14,Loja Norte Shopping,Norte,Fone Bluetooth,Eletrônicos,7.0,249.93
2025-05-14,Loja Savassi,Sudeste,Mochila,Acessórios,3.0,139.34
2025-05-14,Loja Sul Plaza,Sul,Fone Bluetooth,Eletrônicos,5.0,279.34
2025-05-14,Loja Savassi,Sudeste,Cafeteira,Casa,4.0,232.34
2025-05-14,Loja Norte Shopping,Norte,Notebook,Eletrônicos,3.0,3517.27
2025-05-14,Loja Sul Plaza,Sul,Camiseta,Vestuário,5.0,65.95
2025-05-15,Loja Norte Shopping,Norte,Relógio,Acessórios,5.0,512.55
2025-05-15,Loja Centro,Sudeste,Liquidificador,Casa,7.0,124.54
2025-05-15,Loja Centro,Sudeste,Relógio,Acessórios,2.0,504.04
2025-05-16,Loja Centro,Sudeste,Calça Jeans,Vestuário,2.0,144.61
2025-05-16,Loja Savassi,Sudeste,Panela de Pressão,Casa,6.0,83.1
2025-05-16,Loja Nordeste Mall,Nordeste,Panela de Pressão,Casa,6.0,93.25
2025-05-16,Loja Norte Shopping,Norte,Calça Jeans,Vestuário,7.0,141.18
2025-05-17,Loja Norte Shopping,Norte,Tênis,Vestuário,4.0,288.08
2025-05-17,Loja Nordeste Mall,Nordeste,Smartphone,Eletrônicos,1.0,1923.5
2025-05-17,Loja Centro,Sudeste,Liquidificador,Casa,1.0,113.55
2025-05-17,Loja Norte Shopping,Norte,Camiseta,Vestuário,6.0,67.09
2025-05-17,Loja Norte Shopping,Norte,Smartphone,Eletrônicos,4.0,2456.22
2025-05-17,Loja Norte Shopping,Norte,Camiseta,Vestuário,5.0,55.59
2025-05-18,Loja Sul Plaza,Sul,Cafeteira,Casa,4.0,186.34
2025-05-18,Loja Centro,Sudeste,Camiseta,Vestuário,6.0,58.23
2025-05-19,Loja Norte Shopping,Norte,Tênis,Vestuário,3.0,358.64
2025-05-19,Loja Sul Plaza,Sul,Tênis,Vestuário,6.0,282.57
2025-05-20,Loja Sul Plaza,Sul,Panela de Pressão,Casa,2.0,84.79
2025-05-20,Loja Norte Shopping,Norte,Liquidificador,Casa,4.0,134.05
2025-05-20,Loja Centro,Sudeste,Liquidificador,Casa,5.0,136.86
2025-05-21,Loja Savassi,Sudeste,Mochila,Acessórios,5.0,152.69
2025-05-21,Loja Savassi,Sudeste,Calça Jeans,Vestuário,,125.0
2025-05-21,Loja Savassi,Sudeste,Liquidificador,Casa,7.0,113.27
2025-05-21,Loja Norte Shopping,Norte,Mochila,Acessórios,4.0,153.79
2025-05-21,Loja Centro,Sudeste,Panela de Pressão,Casa,1.0,103.09
2025-05-22,Loja Centro,Sudeste,Calça Jeans,Vestuário,7.0,144.48
2025-05-22,Loja Centro,Sudeste,Notebook,Eletrônicos,2.0,3523.84
2025-05-22,Loja Nordeste Mall,Nordeste,Cafeteira,Casa,3.0,230.84
2025-05-23,Loja Savassi,Sudeste,Panela de Pressão,Casa,5.0,101.26
2025-05-23,Loja Centro,Sudeste,Relógio,Acessórios,5.0,466.74
2025-05-23,Loja Savassi,Sudeste,Tênis,Vestuário,1.0,352.11
2025-05-23,Loja Centro,Sudeste,Relógio,Acessórios,5.0,437.48
2025-05-23,Loja Centro,Sudeste,Tênis,Vestuário,4.0,274.26
2025-05-23,Loja Nordeste Mall,Nordeste,Fone Bluetooth,Eletrônicos,6.0,234.83
2025-05-24,Loja Centro,Sudeste,Calça Jeans,Vestuário,3.0,127.92
2025-05-24,Loja Savassi,Sudeste,Tênis,Vestuário,4.0,365.16
2025-05-24,Loja Centro,Sudeste,Relógio,Acessórios,2.0,526.87
2025-05-24,Loja Sul Plaza,Sul,Liquidificador,Casa,2.0,122.38
2025-05-24,Loja Sul Plaza,Sul,Tênis,Vestuário,3.0,285.82
2025-05-24,Loja Nordeste Mall,Nordeste,Tênis,Vestuário,4.0,353.55
2025-05-24,Loja Centro,Sudeste,Mochila,Acessórios,2.0,128.81
2025-05-24,Loja Savassi,Sudeste,Fone Bluetooth,Eletrônicos,2.0,234.04
2025-05-25,Loja Centro,Sudeste,Fone Bluetooth,Eletrônicos,5.0,279.16
2025-05-25,Loja Savassi,Sudeste,Panela de Pressão,Casa,2.0,98.78
2025-05-25,Loja Sul Plaza,Sul,Calça Jeans,Vestuário,3.0,156.25
2025-05-25,Loja Savassi,Sudeste,Relógio,Acessórios,3.0,492.98
2025-05-25,Loja Savassi,Sudeste,Mochila,Acessórios,2.0,147.56
2025-05-25,Loja Norte Shopping,Norte,Panela de Pressão,Casa,1.0,98.29
2025-05-25,Loja Norte Shopping,Norte,Camiseta,Vestuário,7.0,55.08
2025-05-25,Loja Norte Shopping,Norte,Mochila,Acessórios,5.0,163.8
2025-05-25,Loja Centro,Sudeste,Panela de Pressão,Casa,6.0,82.16
2025-05-26,Loja Sul Plaza,Sul,Relógio,Acessórios,3.0,433.36
2025-05-26,Loja Norte Shopping,Norte,Calça Jeans,Vestuário,1.0,154.85
2025-05-26,Loja Savassi,Sudeste,Fone Bluetooth,Eletrônicos,3.0,244.2
2025-05-26,Loja Centro,Sudeste,Notebook,Eletrônicos,6.0,2979.95
2025-05-26,Loja Norte Shopping,Norte,Panela de Pressão,Casa,3.0,102.75
2025-05-27,Loja Centro,Sudeste,Panela de Pressão,Casa,3.0,108.76
2025-05-27,Loja Savassi,Sudeste,Tênis,Vestuário,7.0,273.93
2025-05-27,Loja Norte Shopping,Norte,Cafeteira,Casa,6.0,202.03
2025-05-27,Loja Savassi,Sudeste,Notebook,Eletrônicos,7.0,4006.71
2025-05-27,Loja Nordeste Mall,Nordeste,Relógio,Acessórios,3.0,523.05
2025-05-27,Loja Savassi,Sudeste,Tênis,Vestuário,1.0,290.3
2025-05-27,Loja Savassi,Sudeste,Fone Bluetooth,Eletrônicos,2.0,272.93
2025-05-27,Loja Savassi,Sudeste,Notebook,Eletrônicos,7.0,3987.65
2025-05-27,Loja Nordeste Mall,Nordeste,Cafeteira,Casa,5.0,216.55
2025-05-27,Loja Norte Shopping,Norte,Camiseta,Vestuário,1.0,66.73
2025-05-28,Loja Savassi,Sudeste,Mochila,Acessórios,7.0,166.13
2025-05-28,Loja Nordeste Mall,Nordeste,Mochila,Acessórios,5.0,157.03
2025-05-28,Loja Sul Plaza,Sul,Notebook,Eletrônicos,2.0,3901.96
2025-05-28,Loja Nordeste Mall,Nordeste,Calça Jeans,Vestuário,2.0,131.84
2025-05-28,Loja Centro,Sudeste,Mochila,Acessórios,7.0,165.23
2025-05-28,Loja Sul Plaza,Sul,Notebook,Eletrônicos,4.0,3177.63
2025-05-28,Loja Sul Plaza,Sul,Liquidificador,Casa,1.0,121.22
2025-05-28,Loja Centro,Sudeste,Fone Bluetooth,Eletrônicos,3.0,247.15
2025-05-29,Loja Norte Shopping,Norte,Tênis,Vestuário,3.0,288.88
2025-05-29,Loja Sul Plaza,Sul,Calça Jeans,Vestuário,5.0,150.6
2025-05-29,Loja Centro,Sudeste,Fone Bluetooth,Eletrônicos,4.0,236.54
2025-05-29,Loja Sul Plaza,Sul,Cafeteira,Casa,4.0,229.69
2025-05-30,Loja Nordeste Mall,Nordeste,Tênis,Vestuário,2.0,361.58
2025-05-30,Loja Sul Plaza,Sul,Tênis,Vestuário,1.0,336.24
2025-05-30,Loja Nordeste Mall,Nordeste,Notebook,Eletrônicos,1.0,3311.06
2025-05-30,Loja Centro,Sudeste,Notebook,Eletrônicos,7.0,3257.89
2025-05-30,Loja Centro,Sudeste,Relógio,Acessórios,7.0,422.57
2025-05-31,Loja Nordeste Mall,Nordeste,Tênis,Vestuário,,352.21
2025-05-31,Loja Sul Plaza,Sul,Mochila,Acessórios,1.0,170.0
2025-05-31,Loja Norte Shopping,Norte,Panela de Pressão,Casa,2.0,99.45
2025-05-31,Loja Nordeste Mall,Nordeste,Calça Jeans,Vestuário,1.0,140.61
2025-05-31,Loja Savassi,Sudeste,Mochila,Acessórios,6.0,155.87
2025-05-31,Loja Nordeste Mall,Nordeste,Tênis,Vestuário,5.0,357.64
2025-06-01,Loja Centro,Sudeste,Smartphone,Eletrônicos,3.0,2390.7
2025-06-01,Loja Centro,Sudeste,Liquidificador,Casa,6.0,114.27
2025-06-01,Loja Norte Shopping,Norte,Camiseta,Vestuário,,59.01
2025-06-01,Loja Centro,Sudeste,Smartphone,Eletrônicos,4.0,
2025-06-01,Loja Savassi,Sudeste,Camiseta,Vestuário,4.0,58.57
2025-06-01,Loja Centro,Sudeste,Panela de Pressão,Casa,1.0,89.12
2025-06-01,Loja Nordeste Mall,Nordeste,Panela de Pressão,Casa,6.0,100.02
2025-06-01,Loja Centro,Sudeste,Camiseta,Vestuário,7.0,66.3
2025-06-01,Loja Nordeste Mall,Nordeste,Notebook,Eletrônicos,4.0,3097.52
2025-06-01,Loja Nordeste Mall,Nordeste,Fone Bluetooth,Eletrônicos,6.0,219.21
2025-06-02,Loja Centro,Sudeste,Smartphone,Eletrônicos,3.0,2363.95
2025-06-02,Loja Nordeste Mall,Nordeste,Relógio,Acessórios,4.0,430.2
2025-06-02,Loja Savassi,Sudeste,Cafeteira,Casa,2.0,187.75
2025-06-02,Loja Centro,Sudeste,Notebook,Eletrônicos,4.0,3606.15
2025-06-02,Loja Sul Plaza,Sul,Cafeteira,Casa,5.0,180.58
2025-06-02,Loja Sul Plaza,Sul,Smartphone,Eletrônicos,1.0,2286.36
2025-06-02,Loja Centro,Sudeste,Fone Bluetooth,Eletrônicos,2.0,235.83
2025-06-03,Loja Centro,Sudeste,Tênis,Vestuário,7.0,358.72
2025-06-03,Loja Savassi,Sudeste,Mochila,Acessórios,1.0,162.48
2025-06-03,Loja Centro,Sudeste,Liquidificador,Casa,1.0,
2025-06-03,Loja Centro,Sudeste,Smartphone,Eletrônicos,7.0,1877.48
2025-06-03,Loja Norte Shopping,Norte,Liquidificador,Casa,2.0,116.29
2025-06-03,Loja Nordeste Mall,Nordeste,Tênis,Vestuário,4.0,359.63
2025-06-03,Loja Nordeste Mall,Nordeste,Panela de Pressão,Casa,5.0,102.34
2025-06-03,Loja Centro,Sudeste,Notebook,Eletrônicos,7.0,3401.1
2025-06-04,Loja Sul Plaza,Sul,Smartphone,Eletrônicos,4.0,2205.51
2025-06-04,Loja Sul Plaza,Sul,Relógio,Acessórios,6.0,428.38
2025-06-04,Loja Nordeste Mall,Nordeste,Mochila,Acessórios,2.0,132.33
2025-06-04,Loja Norte Shopping,Norte,Mochila,Acessórios,6.0,165.11
2025-06-05,Loja Sul Plaza,Sul,Camiseta,Vestuário,6.0,60.88
2025-06-05,Loja Centro,Sudeste,Tênis,Vestuário,5.0,348.65
2025-06-06,Loja Sul Plaza,Sul,Relógio,Acessórios,3.0,513.81
2025-06-06,Loja Savassi,Sudeste,Tênis,Vestuário,6.0,328.06
2025-06-06,Loja Sul Plaza,Sul,Mochila,Acessórios,7.0,139.89
2025-06-06,Loja Centro,Sudeste,Liquidificador,Casa,7.0,149.43
2025-06-06,Loja Nordeste Mall,Nordeste,Tênis,Vestuário,6.0,278.7
2025-06-06,Loja Sul Plaza,Sul,Relógio,Acessórios,5.0,409.98
2025-06-07,Loja Sul Plaza,Sul,Notebook,Eletrônicos,3.0,2985.62
2025-06-07,Loja Norte Shopping,Norte,Panela de Pressão,Casa,6.0,105.59
2025-06-07,Loja Sul Plaza,Sul,Mochila,Acessórios,4.0,140.66
2025-06-07,Loja Centro,Sudeste,Panela de Pressão,Casa,7.0,107.24
2025-06-07,Loja Savassi,Sudeste,Liquidificador,Casa,5.0,121.74
2025-06-07,Loja Nordeste Mall,Nordeste,Panela de Pressão,Casa,6.0,83.54
2025-06-07,Loja Savassi,Sudeste,Notebook,Eletrônicos,3.0,3793.53
2025-06-08,Loja Sul Plaza,Sul,Relógio,Acessórios,5.0,432.52
2025-06-08,Loja Centro,Sudeste,Calça Jeans,Vestuário,5.0,132.73
2025-06-08,Loja Savassi,Sudeste,Panela de Pressão,Casa,3.0,98.66
2025-06-09,Loja Centro,Sudeste,Notebook,Eletrônicos,2.0,3012.55
2025-06-09,Loja Centro,Sudeste,Cafeteira,Casa,1.0,204.93
2025-06-09,Loja Nordeste Mall,Nordeste,Relógio,Acessórios,6.0,535.98
2025-06-09,Loja Centro,Sudeste,Relógio,Acessórios,5.0,449.99
2025-06-09,Loja Centro,Sudeste,Fone Bluetooth,Eletrônicos,6.0,252.66
2025-06-09,Loja Savassi,Sudeste,Smartphone,Eletrônicos,2.0,2054.36
2025-06-09,Loja Centro,Sudeste,Smartphone,Eletrônicos,5.0,2447.15
2025-06-09,Loja Savassi,Sudeste,Panela de Pressão,Casa,1.0,101.71
2025-06-09,Loja Savassi,Sudeste,Smartphone,Eletrônicos,6.0,2181.32
2025-06-09,Loja Centro,Sudeste,Smartphone,Eletrônicos,6.0,2022.67
2025-06-10,Loja Savassi,Sudeste,Mochila,Acessórios,3.0,144.23
2025-06-10,Loja Savassi,Sudeste,Calça Jeans,Vestuário,1.0,137.95
2025-06-10,Loja Savassi,Sudeste,Smartphone,Eletrônicos,2.0,2180.92
2025-06-10,Loja Savassi,Sudeste,Relógio,Acessórios,2.0,523.43
2025-06-10,Loja Savassi,Sudeste,Panela de Pressão,Casa,3.0,101.84
2025-06-10,Loja Sul Plaza,Sul,Cafeteira,Casa,3.0,232.32
2025-06-10,Loja Centro,Sudeste,Liquidificador,Casa,,132.42
2025-06-10,Loja Nordeste Mall,Nordeste,Notebook,Eletrônicos,3.0,3503.69
2025-06-10,Loja Centro,Sudeste,Camiseta,Vestuário,,61.11
2025-06-11,Loja Centro,Sudeste,Camiseta,Vestuário,3.0,62.66
2025-06-11,Loja Centro,Sudeste,Mochila,Acessórios,1.0,166.28
2025-06-11,Loja Savassi,Sudeste,Tênis,Vestuário,1.0,303.37
2025-06-11,Loja Savassi,Sudeste,Panela de Pressão,Casa,1.0,94.69
2025-06-12,Loja Centro,Sudeste,Panela de Pressão,Casa,6.0,82.38
2025-06-12,Loja Savassi,Sudeste,Notebook,Eletrônicos,5.0,3307.28
2025-06-12,Loja Savassi,Sudeste,Notebook,Eletrônicos,3.0,3741.26
2025-06-12,Loja Sul Plaza,Sul,Calça Jeans,Vestuário,7.0,133.23
2025-06-12,Loja Norte Shopping,Norte,Fone Bluetooth,Eletrônicos,1.0,248.71
2025-06-12,Loja Nordeste Mall,Nordeste,Camiseta,Vestuário,5.0,66.07
2025-06-12,Loja Savassi,Sudeste,Calça Jeans,Vestuário,3.0,120.41
2025-06-13,Loja Sul Plaza,Sul,Relógio,Acessórios,1.0,450.87
2025-06-13,Loja Nordeste Mall,Nordeste,Liquidificador,Casa,7.0,122.25
2025-06-13,Loja Sul Plaza,Sul,Mochila,Acessórios,2.0,142.77
2025-06-13,Loja Centro,Sudeste,Fone Bluetooth,Eletrônicos,4.0,263.63
2025-06-13,Loja Centro,Sudeste,Panela de Pressão,Casa,3.0,85.87
2025-06-13,Loja Centro,Sudeste,Camiseta,Vestuário,4.0,56.1
2025-06-14,Loja Sul Plaza,Sul,Mochila,Acessórios,3.0,130.39
2025-06-14,Loja Savassi,Sudeste,Cafeteira,Casa,1.0,195.15
2025-06-14,Loja Nordeste Mall,Nordeste,Panela de Pressão,Casa,3.0,93.19
2025-06-14,Loja Savassi,Sudeste,Liquidificador,Casa,2.0,139.04
2025-06-14,Loja Savassi,Sudeste,Camiseta,Vestuário,1.0,58.23
2025-06-14,Loja Centro,Sudeste,Tênis,Vestuário,4.0,297.22
2025-06-14,Loja Centro,Sudeste,Tênis,Vestuário,1.0,278.65
2025-06-15,Loja Sul Plaza,Sul,Smartphone,Eletrônicos,3.0,2264.42
2025-06-15,Loja Nordeste Mall,Nordeste,Notebook,Eletrônicos,6.0,3309.27
2025-06-15,Loja Norte Shopping,Norte,Camiseta,Vestuário,6.0,58.11
2025-06-15,Loja Sul Plaza,Sul,Cafeteira,Casa,5.0,182.93
2025-06-15,Loja Savassi,Sudeste,Notebook,Eletrônicos,3.0,3237.59
2025-06-16,Loja Sul Plaza,Sul,Liquidificador,Casa,2.0,127.58
2025-06-16,Loja Centro,Sudeste,Calça Jeans,Vestuário,1.0,144.39
2025-06-17,Loja Nordeste Mall,Nordeste,Smartphone,Eletrônicos,3.0,2245.73
2025-06-17,Loja Savassi,Sudeste,Notebook,Eletrônicos,7.0,3337.94
2025-06-17,Loja Savassi,Sudeste,Cafeteira,Casa,3.0,217.36
2025-06-17,Loja Nordeste Mall,Nordeste,Tênis,Vestuário,7.0,306.83
2025-06-17,Loja Centro,Sudeste,Cafeteira,Casa,2.0,199.04
2025-06-18,Loja Savassi,Sudeste,Mochila,Acessórios,5.0,
2025-06-18,Loja Savassi,Sudeste,Liquidificador,Casa,6.0,116.6
2025-06-19,Loja Centro,Sudeste,Panela de Pressão,Casa,7.0,102.68
2025-06-19,Loja Centro,Sudeste,Camiseta,Vestuário,7.0,56.97
2025-06-19,Loja Nordeste Mall,Nordeste,Cafeteira,Casa,7.0,225.33
2025-06-19,Loja Norte Shopping,Norte,Mochila,Acessórios,3.0,138.03
2025-06-19,Loja Norte Shopping,Norte,Calça Jeans,Vestuário,4.0,145.82
2025-06-19,Loja Centro,Sudeste,Relógio,Acessórios,2.0,504.66
2025-06-19,Loja Centro,Sudeste,Notebook,Eletrônicos,5.0,3741.64
2025-06-19,Loja Nordeste Mall,Nordeste,Notebook,Eletrônicos,6.0,3640.44
2025-06-19,Loja Norte Shopping,Norte,Smartphone,Eletrônicos,3.0,2108.58
2025-06-20,Loja Sul Plaza,Sul,Liquidificador,Casa,4.0,130.25
2025-06-20,Loja Centro,Sudeste,Tênis,Vestuário,3.0,278.73
2025-06-20,Loja Norte Shopping,Norte,Smartphone,Eletrônicos,6.0,2243.9
2025-06-20,Loja Nordeste Mall,Nordeste,Fone Bluetooth,Eletrônicos,7.0,217.18
2025-06-21,Loja Savassi,Sudeste,Cafeteira,Casa,4.0,183.31
2025-06-21,Loja Sul Plaza,Sul,Relógio,Acessórios,6.0,484.73
2025-06-21,Loja Savassi,Sudeste,Cafeteira,Casa,7.0,241.46
2025-06-21,Loja Savassi,Sudeste,Notebook,Eletrônicos,3.0,3932.41
2025-06-21,Loja Centro,Sudeste,Mochila,Acessórios,5.0,134.66
2025-06-21,Loja Centro,Sudeste,Tênis,Vestuário,4.0,302.29
2025-06-22,Loja Sul Plaza,Sul,Fone Bluetooth,Eletrônicos,7.0,267.21
2025-06-22,Loja Nordeste Mall,Nordeste,Cafeteira,Casa,5.0,179.45
2025-06-22,Loja Savassi,Sudeste,Cafeteira,Casa,3.0,222.96
2025-06-22,Loja Centro,Sudeste,Liquidificador,Casa,1.0,123.16
2025-06-22,Loja Sul Plaza,Sul,Cafeteira,Casa,4.0,235.93
2025-06-22,Loja Centro,Sudeste,Camiseta,Vestuário,6.0,65.0
2025-06-22,Loja Centro,Sudeste,Liquidificador,Casa,5.0,112.19
2025-06-22,Loja Centro,Sudeste,Liquidificador,Casa,1.0,141.56
2025-06-22,Loja Sul Plaza,Sul,Mochila,Acessórios,2.0,151.04
2025-06-23,Loja Norte Shopping,Norte,Camiseta,Vestuário,6.0,53.43
2025-06-23,Loja Savassi,Sudeste,Liquidificador,Casa,6.0,121.65
2025-06-23,Loja Savassi,Sudeste,Calça Jeans,Vestuário,,121.26
2025-06-23,Loja Centro,Sudeste,Panela de Pressão,Casa,6.0,105.04
2025-06-24,Loja Nordeste Mall,Nordeste,Cafeteira,Casa,5.0,198.81
2025-06-24,Loja Savassi,Sudeste,Calça Jeans,Vestuário,7.0,153.24
2025-06-24,Loja Savassi,Sudeste,Camiseta,Vestuário,7.0,65.34
2025-06-24,Loja Sul Plaza,Sul,Cafeteira,Casa,1.0,223.07
2025-06-24,Loja Centro,Sudeste,Mochila,Acessórios,5.0,145.45
2025-06-25,Loja Centro,Sudeste,Tênis,Vestuário,6.0,327.38
2025-06-25,Loja Nordeste Mall,Nordeste,Panela de Pressão,Casa,7.0,101.17
2025-06-25,Loja Sul Plaza,Sul,Liquidificador,Casa,6.0,135.8
2025-06-25,Loja Centro,Sudeste,Cafeteira,Casa,2.0,220.63
2025-06-25,Loja Norte Shopping,Norte,Fone Bluetooth,Eletrônicos,,240.47
2025-06-26,Loja Nordeste Mall,Nordeste,Liquidificador,Casa,1.0,138.54
2025-06-26,Loja Savassi,Sudeste,Panela de Pressão,Casa,3.0,103.03
2025-06-26,Loja Nordeste Mall,Nordeste,Panela de Pressão,Casa,2.0,86.33
2025-06-26,Loja Sul Plaza,Sul,Fone Bluetooth,Eletrônicos,5.0,238.85
2025-06-26,Loja Savassi,Sudeste,Liquidificador,Casa,4.0,125.43
2025-06-26,Loja Nordeste Mall,Nordeste,Cafeteira,Casa,3.0,205.83
2025-06-26,Loja Sul Plaza,Sul,Notebook,Eletrônicos,3.0,
2025-06-26,Loja Centro,Sudeste,Tênis,Vestuário,2.0,310.72
2025-06-26,Loja Savassi,Sudeste,Relógio,Acessórios,1.0,433.28
2025-06-27,Loja Savassi,Sudeste,Cafeteira,Casa,7.0,181.51
2025-06-27,Loja Sul Plaza,Sul,Relógio,Acessórios,3.0,472.51
2025-06-27,Loja Savassi,Sudeste,Camiseta,Vestuário,4.0,67.34
2025-06-27,Loja Norte Shopping,Norte,Liquidificador,Casa,5.0,122.58
2025-06-27,Loja Centro,Sudeste,Notebook,Eletrônicos,4.0,3761.62
2025-06-27,Loja Norte Shopping,Norte,Smartphone,Eletrônicos,3.0,1878.3
2025-06-28,Loja Centro,Sudeste,Panela de Pressão,Casa,4.0,97.03
2025-06-28,Loja Centro,Sudeste,Tênis,Vestuário,2.0,301.72
2025-06-28,Loja Savassi,Sudeste,Liquidificador,Casa,3.0,139.58
2025-06-28,Loja Sul Plaza,Sul,Relógio,Acessórios,3.0,471.16
2025-06-28,Loja Nordeste Mall,Nordeste,Cafeteira,Casa,2.0,183.54
2025-06-28,Loja Centro,Sudeste,Notebook,Eletrônicos,2.0,3433.7
2025-06-29,Loja Centro,Sudeste,Notebook,Eletrônicos,1.0,3922.66
2025-06-29,Loja Savassi,Sudeste,Liquidificador,Casa,4.0,145.11
2025-06-29,Loja Savassi,Sudeste,Fone Bluetooth,Eletrônicos,2.0,252.2
2025-06-29,Loja Centro,Sudeste,Mochila,Acessórios,7.0,169.42
2025-06-29,Loja Centro,Sudeste,Mochila,Acessórios,2.0,132.13
2025-06-29,Loja Centro,Sudeste,Notebook,Eletrônicos,7.0,3341.31
2025-06-30,Loja Centro,Sudeste,Fone Bluetooth,Eletrônicos,7.0,236.24
2025-06-30,Loja Norte Shopping,Norte,Camiseta,Vestuário,2.0,55.74
2025-06-30,Loja Centro,Sudeste,Cafeteira,Casa,2.0,190.04
2025-06-30,Loja Norte Shopping,Norte,Tênis,Vestuário,,350.58
2025-06-30,Loja Centro,Sudeste,Panela de Pressão,Casa,6.0,104.93
2025-07-01,Loja Centro,Sudeste,Relógio,Acessórios,5.0,517.48
2025-07-01,Loja Centro,Sudeste,Smartphone,Eletrônicos,6.0,2000.68
2025-07-01,Loja Savassi,Sudeste,Smartphone,Eletrônicos,2.0,1958.93
2025-07-01,Loja Centro,Sudeste,Tênis,Vestuário,5.0,333.71
2025-07-02,Loja Sul Plaza,Sul,Tênis,Vestuário,5.0,303.78
2025-07-02,Loja Savassi,Sudeste,Fone Bluetooth,Eletrônicos,5.0,285.36
2025-07-02,Loja Savassi,Sudeste,Smartphone,Eletrônicos,2.0,1899.48
2025-07-02,Loja Savassi,Sudeste,Notebook,Eletrônicos,5.0,3152.89
2025-07-03,Loja Centro,Sudeste,Fone Bluetooth,Eletrônicos,3.0,284.66
2025-07-03,Loja Savassi,Sudeste,Mochila,Acessórios,3.0,160.31
2025-07-03,Loja Centro,Sudeste,Panela de Pressão,Casa,1.0,105.12
2025-07-03,Loja Centro,Sudeste,Panela de Pressão,Casa,3.0,94.77
2025-07-04,Loja Sul Plaza,Sul,Cafeteira,Casa,4.0,205.43
2025-07-04,Loja Sul Plaza,Sul,Smartphone,Eletrônicos,6.0,2047.21
2025-07-05,Loja Savassi,Sudeste,Cafeteira,Casa,3.0,192.25
2025-07-05,Loja Savassi,Sudeste,Camiseta,Vestuário,5.0,66.95
2025-07-05,Loja Sul Plaza,Sul,Calça Jeans,Vestuário,6.0,146.87
2025-07-05,Loja Norte Shopping,Norte,Smartphone,Eletrônicos,6.0,2460.02
2025-07-05,Loja Centro,Sudeste,Smartphone,Eletrônicos,7.0,2386.08
2025-07-06,Loja Sul Plaza,Sul,Notebook,Eletrônicos,1.0,3133.07
2025-07-06,Loja Savassi,Sudeste,Cafeteira,Casa,5.0,202.39
2025-07-06,Loja Savassi,Sudeste,Tênis,Vestuário,4.0,314.01
2025-07-06,Loja Centro,Sudeste,Camiseta,Vestuário,7.0,51.67
2025-07-06,Loja Sul Plaza,Sul,Mochila,Acessórios,2.0,130.12
2025-07-06,Loja Sul Plaza,Sul,Camiseta,Vestuário,4.0,53.87
2025-07-06,Loja Nordeste Mall,Nordeste,Panela de Pressão,Casa,5.0,83.75
2025-07-07,Loja Centro,Sudeste,Calça Jeans,Vestuário,5.0,136.44
2025-07-07,Loja Savassi,Sudeste,Fone Bluetooth,Eletrônicos,1.0,266.04
2025-07-07,Loja Nordeste Mall,Nordeste,Mochila,Acessórios,5.0,143.64
2025-07-07,Loja Centro,Sudeste,Relógio,Acessórios,1.0,446.11
2025-07-07,Loja Sul Plaza,Sul,Panela de Pressão,Casa,1.0,91.69
2025-07-07,Loja Savassi,Sudeste,Cafeteira,Casa,7.0,186.29
2025-07-07,Loja Centro,Sudeste,Fone Bluetooth,Eletrônicos,5.0,257.77
2025-07-07,Loja Centro,Sudeste,Panela de Pressão,Casa,2.0,98.69
2025-07-08,Loja Nordeste Mall,Nordeste,Cafeteira,Casa,7.0,225.99
2025-07-08,Loja Sul Plaza,Sul,Tênis,Vestuário,7.0,325.91
2025-07-08,Loja Centro,Sudeste,Relógio,Acessórios,3.0,518.1
2025-07-09,Loja Centro,Sudeste,Tênis,Vestuário,5.0,
2025-07-09,Loja Norte Shopping,Norte,Notebook,Eletrônicos,3.0,3692.49
2025-07-09,Loja Savassi,Sudeste,Mochila,Acessórios,4.0,142.85
2025-07-09,Loja Savassi,Sudeste,Liquidificador,Casa,4.0,149.49
2025-07-09,Loja Norte Shopping,Norte,Calça Jeans,Vestuário,7.0,130.72
2025-07-09,Loja Norte Shopping,Norte,Panela de Pressão,Casa,2.0,97.41
2025-07-09,Loja Norte Shopping,Norte,Tênis,Vestuário,3.0,342.58
2025-07-10,Loja Sul Plaza,Sul,Panela de Pressão,Casa,2.0,82.93
2025-07-10,Loja Savassi,Sudeste,Tênis,Vestuário,7.0,334.05
2025-07-10,Loja Nordeste Mall,Nordeste,Liquidificador,Casa,2.0,141.73
2025-07-10,Loja Nordeste Mall,Nordeste,Fone Bluetooth,Eletrônicos,5.0,266.99
2025-07-11,Loja Sul Plaza,Sul,Camiseta,Vestuário,4.0,58.59
2025-07-11,Loja Nordeste Mall,Nordeste,Smartphone,Eletrônicos,2.0,2280.53
2025-07-11,Loja Nordeste Mall,Nordeste,Mochila,Acessórios,6.0,167.41
2025-07-11,Loja Savassi,Sudeste,Camiseta,Vestuário,7.0,68.24
2025-07-11,Loja Savassi,Sudeste,Camiseta,Vestuário,2.0,66.8
2025-07-11,Loja Nordeste Mall,Nordeste,Camiseta,Vestuário,5.0,58.45
2025-07-11,Loja Savassi,Sudeste,Notebook,Eletrônicos,4.0,3598.33
2025-07-11,Loja Sul Plaza,Sul,Camiseta,Vestuário,7.0,53.56
2025-07-11,Loja Sul Plaza,Sul,Fone Bluetooth,Eletrônicos,4.0,215.84
2025-07-12,Loja Norte Shopping,Norte,Smartphone,Eletrônicos,6.0,2138.87
2025-07-12,Loja Savassi,Sudeste,Smartphone,Eletrônicos,2.0,2346.39
2025-07-12,Loja Savassi,Sudeste,Liquidificador,Casa,3.0,147.99
2025-07-13,Loja Nordeste Mall,Nordeste,Notebook,Eletrônicos,3.0,3551.79
2025-07-13,Loja Norte Shopping,Norte,Mochila,Acessórios,5.0,156.56
2025-07-13,Loja Sul Plaza,Sul,Notebook,Eletrônicos,1.0,3437.23
2025-07-13,Loja Nordeste Mall,Nordeste,Notebook,Eletrônicos,6.0,3483.04
2025-07-13,Loja Nordeste Mall,Nordeste,Smartphone,Eletrônicos,2.0,1975.36
2025-07-14,Loja Sul Plaza,Sul,Cafeteira,Casa,3.0,202.82
2025-07-14,Loja Savassi,Sudeste,Tênis,Vestuário,4.0,330.42
2025-07-14,Loja Norte Shopping,Norte,Fone Bluetooth,Eletrônicos,5.0,257.68
2025-07-14,Loja Centro,Sudeste,Calça Jeans,Vestuário,5.0,147.13
2025-07-14,Loja Centro,Sudeste,Fone Bluetooth,Eletrônicos,7.0,212.9
2025-07-14,Loja Sul Plaza,Sul,Relógio,Acessórios,7.0,529.05
2025-07-14,Loja Centro,Sudeste,Relógio,Acessórios,7.0,419.05
2025-07-15,Loja Centro,Sudeste,Panela de Pressão,Casa,7.0,94.54
2025-07-15,Loja Sul Plaza,Sul,Camiseta,Vestuário,5.0,56.03
2025-07-15,Loja Savassi,Sudeste,Mochila,Acessórios,3.0,144.54
2025-07-15,Loja Savassi,Sudeste,Liquidificador,Casa,7.0,136.4
2025-07-16,Loja Sul Plaza,Sul,Tênis,Vestuário,5.0,314.42
2025-07-16,Loja Sul Plaza,Sul,Panela de Pressão,Casa,7.0,81.06
2025-07-16,Loja Savassi,Sudeste,Relógio,Acessórios,7.0,494.66
2025-07-17,Loja Centro,Sudeste,Smartphone,Eletrônicos,7.0,2368.96
2025-07-17,Loja Sul Plaza,Sul,Tênis,Vestuário,6.0,272.12
2025-07-17,Loja Savassi,Sudeste,Notebook,Eletrônicos,2.0,3385.23
2025-07-17,Loja Norte Shopping,Norte,Cafeteira,Casa,6.0,233.45
2025-07-17,Loja Nordeste Mall,Nordeste,Cafeteira,Casa,7.0,213.58
2025-07-17,Loja Norte Shopping,Norte,Mochila,Acessórios,2.0,154.99
2025-07-17,Loja Norte Shopping,Norte,Camiseta,Vestuário,7.0,66.4
2025-07-17,Loja Sul Plaza,Sul,Tênis,Vestuário,7.0,312.5
2025-07-18,Loja Nordeste Mall,Nordeste,Panela de Pressão,Casa,2.0,100.1
2025-07-18,Loja Centro,Sudeste,Mochila,Acessórios,7.0,129.79
2025-07-18,Loja Norte Shopping,Norte,Notebook,Eletrônicos,4.0,3708.78
2025-07-18,Loja Norte Shopping,Norte,Smartphone,Eletrônicos,5.0,2100.73
2025-07-19,Loja Centro,Sudeste,Cafeteira,Casa,1.0,181.03
2025-07-19,Loja Sul Plaza,Sul,Notebook,Eletrônicos,6.0,3505.94
2025-07-20,Loja Norte Shopping,Norte,Cafeteira,Casa,4.0,211.71
2025-07-20,Loja Norte Shopping,Norte,Fone Bluetooth,Eletrônicos,7.0,261.49
2025-07-20,Loja Savassi,Sudeste,Cafeteira,Casa,6.0,185.78
2025-07-20,Loja Centro,Sudeste,Notebook,Eletrônicos,6.0,3421.07
2025-07-20,Loja Nordeste Mall,Nordeste,Tênis,Vestuário,6.0,291.27
2025-07-20,Loja Centro,Sudeste,Calça Jeans,Vestuário,6.0,150.32
2025-07-21,Loja Norte Shopping,Norte,Calça Jeans,Vestuário,5.0,128.93
2025-07-21,Loja Savassi,Sudeste,Liquidificador,Casa,2.0,127.23
2025-07-21,Loja Centro,Sudeste,Relógio,Acessórios,4.0,463.04
2025-07-21,Loja Savassi,Sudeste,Calça Jeans,Vestuário,7.0,138.86
2025-07-21,Loja Savassi,Sudeste,Notebook,Eletrônicos,7.0,3935.25
2025-07-21,Loja Centro,Sudeste,Mochila,Acessórios,3.0,146.0
2025-07-21,Loja Sul Plaza,Sul,Tênis,Vestuário,2.0,299.46
2025-07-21,Loja Savassi,Sudeste,Tênis,Vestuário,4.0,299.58
2025-07-22,Loja Sul Plaza,Sul,Camiseta,Vestuário,1.0,54.98
2025-07-22,Loja Savassi,Sudeste,Relógio,Acessórios,2.0,466.25
2025-07-22,Loja Sul Plaza,Sul,Tênis,Vestuário,6.0,322.84
2025-07-23,Loja Centro,Sudeste,Relógio,Acessórios,5.0,450.88
2025-07-23,Loja Sul Plaza,Sul,Camiseta,Vestuário,5.0,55.29
2025-07-23,Loja Centro,Sudeste,Fone Bluetooth,Eletrônicos,5.0,272.99
2025-07-23,Loja Nordeste Mall,Nordeste,Smartphone,Eletrônicos,6.0,2214.6
2025-07-24,Loja Savassi,Sudeste,Camiseta,Vestuário,7.0,52.91
2025-07-24,Loja Norte Shopping,Norte,Cafeteira,Casa,3.0,198.2
2025-07-24,Loja Savassi,Sudeste,Relógio,Acessórios,6.0,467.79
2025-07-25,Loja Savassi,Sudeste,Relógio,Acessórios,7.0,506.05
2025-07-25,Loja Centro,Sudeste,Camiseta,Vestuário,3.0,59.99
2025-07-25,Loja Savassi,Sudeste,Cafeteira,Casa,1.0,183.67
2025-07-25,Loja Sul Plaza,Sul,Fone Bluetooth,Eletrônicos,2.0,258.72
2025-07-26,Loja Savassi,Sudeste,Fone Bluetooth,Eletrônicos,3.0,248.62
2025-07-26,Loja Sul Plaza,Sul,Mochila,Acessórios,5.0,
2025-07-26,Loja Centro,Sudeste,Mochila,Acessórios,4.0,160.12
2025-07-26,Loja Norte Shopping,Norte,Mochila,Acessórios,7.0,
2025-07-27,Loja Centro,Sudeste,Tênis,Vestuário,2.0,313.17
2025-07-27,Loja Norte Shopping,Norte,Cafeteira,Casa,4.0,225.54
2025-07-27,Loja Savassi,Sudeste,Liquidificador,Casa,6.0,123.85
2025-07-27,Loja Norte Shopping,Norte,Calça Jeans,Vestuário,7.0,160.69
2025-07-27,Loja Savassi,Sudeste,Calça Jeans,Vestuário,2.0,145.48
2025-07-28,Loja Savassi,Sudeste,Tênis,Vestuário,6.0,367.31
2025-07-28,Loja Norte Shopping,Norte,Notebook,Eletrônicos,6.0,3620.85
2025-07-28,Loja Savassi,Sudeste,Notebook,Eletrônicos,7.0,3943.09
2025-07-29,Loja Savassi,Sudeste,Calça Jeans,Vestuário,7.0,132.37
2025-07-29,Loja Savassi,Sudeste,Notebook,Eletrônicos,2.0,3902.92
2025-07-29,Loja Sul Plaza,Sul,Tênis,Vestuário,7.0,326.44
2025-07-29,Loja Sul Plaza,Sul,Relógio,Acessórios,5.0,499.58
2025-07-30,Loja Centro,Sudeste,Calça Jeans,Vestuário,3.0,125.91
2025-07-30,Loja Savassi,Sudeste,Calça Jeans,Vestuário,5.0,152.84
2025-07-31,Loja Nordeste Mall,Nordeste,Mochila,Acessórios,6.0,153.12
2025-07-31,Loja Centro,Sudeste,Notebook,Eletrônicos,4.0,3381.54
2025-07-31,Loja Centro,Sudeste,Camiseta,Vestuário,5.0,51.63
2025-08-01,Loja Centro,Sudeste,Camiseta,Vestuário,6.0,60.31
2025-08-01,Loja Norte Shopping,Norte,Notebook,Eletrônicos,4.0,3086.09
2025-08-01,Loja Savassi,Sudeste,Tênis,Vestuário,1.0,350.81
2025-08-01,Loja Centro,Sudeste,Relógio,Acessórios,7.0,448.86
2025-08-02,Loja Centro,Sudeste,Smartphone,Eletrônicos,4.0,1936.63
2025-08-02,Loja Savassi,Sudeste,Relógio,Acessórios,2.0,549.28
2025-08-02,Loja Centro,Sudeste,Tênis,Vestuário,4.0,289.69
2025-08-02,Loja Savassi,Sudeste,Camiseta,Vestuário,6.0,68.83
2025-08-02,Loja Centro,Sudeste,Tênis,Vestuário,2.0,345.23
2025-08-02,Loja Savassi,Sudeste,Relógio,Acessórios,5.0,485.14
2025-08-03,Loja Centro,Sudeste,Relógio,Acessórios,3.0,410.29
2025-08-03,Loja Centro,Sudeste,Cafeteira,Casa,,188.72
2025-08-03,Loja Norte Shopping,Norte,Fone Bluetooth,Eletrônicos,1.0,251.43
2025-08-03,Loja Nordeste Mall,Nordeste,Cafeteira,Casa,7.0,220.89
2025-08-03,Loja Savassi,Sudeste,Panela de Pressão,Casa,3.0,103.92
2025-08-03,Loja Nordeste Mall,Nordeste,Smartphone,Eletrônicos,1.0,2329.28
2025-08-03,Loja Nordeste Mall,Nordeste,Tênis,Vestuário,4.0,291.7
2025-08-03,Loja Savassi,Sudeste,Fone Bluetooth,Eletrônicos,1.0,275.92
2025-08-03,Loja Nordeste Mall,Nordeste,Tênis,Vestuário,5.0,290.08
2025-08-03,Loja Sul Plaza,Sul,Tênis,Vestuário,5.0,318.97
2025-08-03,Loja Savassi,Sudeste,Cafeteira,Casa,2.0,207.64
2025-08-04,Loja Savassi,Sudeste,Cafeteira,Casa,3.0,229.56
2025-08-04,Loja Norte Shopping,Norte,Relógio,Acessórios,3.0,
2025-08-04,Loja Centro,Sudeste,Camiseta,Vestuário,4.0,63.59
2025-08-04,Loja Centro,Sudeste,Tênis,Vestuário,6.0,348.91
2025-08-04,Loja Centro,Sudeste,Panela de Pressão,Casa,5.0,102.95
2025-08-04,Loja Nordeste Mall,Nordeste,Panela de Pressão,Casa,7.0,102.78
2025-08-05,Loja Sul Plaza,Sul,Mochila,Acessórios,2.0,150.82
2025-08-05,Loja Sul Plaza,Sul,Tênis,Vestuário,1.0,355.88
2025-08-05,Loja Centro,Sudeste,Liquidificador,Casa,3.0,137.92
2025-08-05,Loja Sul Plaza,Sul,Liquidificador,Casa,,121.62
2025-08-05,Loja Norte Shopping,Norte,Smartphone,Eletrônicos,4.0,2024.68
2025-08-05,Loja Norte Shopping,Norte,Smartphone,Eletrônicos,4.0,2330.32
2025-08-05,Loja Norte Shopping,Norte,Liquidificador,Casa,7.0,138.4
2025-08-05,Loja Norte Shopping,Norte,Fone Bluetooth,Eletrônicos,3.0,274.42
2025-08-06,Loja Norte Shopping,Norte,Tênis,Vestuário,7.0,309.31
2025-08-06,Loja Sul Plaza,Sul,Tênis,Vestuário,3.0,350.77
2025-08-06,Loja Norte Shopping,Norte,Calça Jeans,Vestuário,6.0,139.09
2025-08-06,Loja Sul Plaza,Sul,Relógio,Acessórios,4.0,503.62
2025-08-06,Loja Norte Shopping,Norte,Cafeteira,Casa,,
2025-08-06,Loja Norte Shopping,Norte,Fone Bluetooth,Eletrônicos,5.0,287.02
2025-08-06,Loja Sul Plaza,Sul,Liquidificador,Casa,2.0,146.87
2025-08-07,Loja Centro,Sudeste,Liquidificador,Casa,1.0,116.88
2025-08-07,Loja Savassi,Sudeste,Liquidificador,Casa,3.0,137.62
2025-08-08,Loja Savassi,Sudeste,Camiseta,Vestuário,1.0,54.16
2025-08-08,Loja Nordeste Mall,Nordeste,Cafeteira,Casa,1.0,214.73
2025-08-08,Loja Norte Shopping,Norte,Mochila,Acessórios,4.0,165.15
2025-08-08,Loja Nordeste Mall,Nordeste,Smartphone,Eletrônicos,,1916.47
2025-08-08,Loja Savassi,Sudeste,Calça Jeans,Vestuário,2.0,132.61
2025-08-08,Loja Savassi,Sudeste,Smartphone,Eletrônicos,7.0,2403.52
2025-08-08,Loja Norte Shopping,Norte,Cafeteira,Casa,2.0,233.78
2025-08-08,Loja Savassi,Sudeste,Relógio,Acessórios,1.0,509.57
2025-08-09,Loja Centro,Sudeste,Cafeteira,Casa,5.0,227.75
2025-08-09,Loja Centro,Sudeste,Cafeteira,Casa,6.0,211.92
2025-08-10,Loja Centro,Sudeste,Fone Bluetooth,Eletrônicos,6.0,219.4
2025-08-10,Loja Sul Plaza,Sul,Notebook,Eletrônicos,2.0,3908.18
2025-08-10,Loja Savassi,Sudeste,Camiseta,Vestuário,4.0,55.68
2025-08-10,Loja Sul Plaza,Sul,Mochila,Acessórios,3.0,170.83
2025-08-10,Loja Centro,Sudeste,Camiseta,Vestuário,2.0,66.62
2025-08-10,Loja Sul Plaza,Sul,Smartphone,Eletrônicos,4.0,2284.76
2025-08-10,Loja Savassi,Sudeste,Tênis,Vestuário,1.0,354.16
2025-08-11,Loja Savassi,Sudeste,Tênis,Vestuário,4.0,318.36
2025-08-11,Loja Savassi,Sudeste,Calça Jeans,Vestuário,2.0,143.68
2025-08-11,Loja Centro,Sudeste,Cafeteira,Casa,7.0,221.18
2025-08-11,Loja Savassi,Sudeste,Relógio,Acessórios,5.0,540.94
2025-08-11,Loja Sul Plaza,Sul,Calça Jeans,Vestuário,2.0,133.81
2025-08-11,Loja Centro,Sudeste,Camiseta,Vestuário,2.0,58.74
2025-08-11,Loja Centro,Sudeste,Relógio,Acessórios,5.0,535.26
2025-08-11,Loja Centro,Sudeste,Smartphone,Eletrônicos,2.0,
2025-08-11,Loja Norte Shopping,Norte,Cafeteira,Casa,2.0,231.72
2025-08-12,Loja Centro,Sudeste,Tênis,Vestuário,1.0,341.02
2025-08-12,Loja Savassi,Sudeste,Calça Jeans,Vestuário,6.0,149.97
2025-08-12,Loja Sul Plaza,Sul,Panela de Pressão,Casa,5.0,83.05
2025-08-12,Loja Centro,Sudeste,Calça Jeans,Vestuário,2.0,133.29
2025-08-12,Loja Nordeste Mall,Nordeste,Tênis,Vestuário,2.0,293.81
2025-08-12,Loja Sul Plaza,Sul,Panela de Pressão,Casa,5.0,94.81
2025-08-12,Loja Centro,Sudeste,Tênis,Vestuário,3.0,360.52
2025-08-12,Loja Nordeste Mall,Nordeste,Fone Bluetooth,Eletrônicos,7.0,240.09
2025-08-12,Loja Norte Shopping,Norte,Tênis,Vestuário,5.0,343.76
2025-08-13,Loja Nordeste Mall,Nordeste,Fone Bluetooth,Eletrônicos,5.0,238.46
2025-08-13,Loja Norte Shopping,Norte,Mochila,Acessórios,2.0,127.6
2025-08-13,Loja Savassi,Sudeste,Smartphone,Eletrônicos,5.0,1872.61
2025-08-13,Loja Sul Plaza,Sul,Mochila,Acessórios,3.0,151.09
2025-08-13,Loja Centro,Sudeste,Liquidificador,Casa,6.0,140.42
2025-08-13,Loja Centro,Sudeste,Liquidificador,Casa,3.0,137.03
2025-08-13,Loja Centro,Sudeste,Mochila,Acessórios,1.0,172.49
2025-08-14,Loja Norte Shopping,Norte,Calça Jeans,Vestuário,6.0,131.3
2025-08-14,Loja Sul Plaza,Sul,Tênis,Vestuário,1.0,326.22
2025-08-14,Loja Centro,Sudeste,Liquidificador,Casa,4.0,136.88
2025-08-14,Loja Centro,Sudeste,Fone Bluetooth,Eletrônicos,1.0,229.94
2025-08-14,Loja Nordeste Mall,Nordeste,Mochila,Acessórios,5.0,146.04
2025-08-14,Loja Sul Plaza,Sul,Smartphone,Eletrônicos,2.0,2314.97
2025-08-14,Loja Centro,Sudeste,Smartphone,Eletrônicos,2.0,2143.53
2025-08-14,Loja Nordeste Mall,Nordeste,Camiseta,Vestuário,,51.51
2025-08-14,Loja Centro,Sudeste,Tênis,Vestuário,6.0,317.4
2025-08-15,Loja Sul Plaza,Sul,Smartphone,Eletrônicos,7.0,2504.66
2025-08-15,Loja Savassi,Sudeste,Mochila,Acessórios,4.0,136.85
2025-08-15,Loja Centro,Sudeste,Liquidificador,Casa,3.0,125.52
2025-08-15,Loja Savassi,Sudeste,Camiseta,Vestuário,2.0,64.23
2025-08-15,Loja Savassi,Sudeste,Notebook,Eletrônicos,4.0,3504.11
2025-08-15,Loja Centro,Sudeste,Calça Jeans,Vestuário,5.0,123.88
2025-08-15,Loja Savassi,Sudeste,Tênis,Vestuário,3.0,288.53
2025-08-15,Loja Centro,Sudeste,Cafeteira,Casa,7.0,
2025-08-15,Loja Centro,Sudeste,Panela de Pressão,Casa,,99.5
2025-08-15,Loja Sul Plaza,Sul,Relógio,Acessórios,6.0,424.99
2025-08-15,Loja Centro,Sudeste,Cafeteira,Casa,3.0,215.36
2025-08-16,Loja Savassi,Sudeste,Calça Jeans,Vestuário,6.0,148.44
2025-08-16,Loja Centro,Sudeste,Cafeteira,Casa,7.0,215.75
2025-08-16,Loja Sul Plaza,Sul,Tênis,Vestuário,3.0,292.12
2025-08-16,Loja Savassi,Sudeste,Notebook,Eletrônicos,6.0,3451.56
2025-08-16,Loja Norte Shopping,Norte,Camiseta,Vestuário,4.0,56.23
2025-08-17,Loja Sul Plaza,Sul,Tênis,Vestuário,2.0,335.27
2025-08-17,Loja Sul Plaza,Sul,Mochila,Acessórios,3.0,142.04
2025-08-17,Loja Centro,Sudeste,Smartphone,Eletrônicos,7.0,
2025-08-17,Loja Sul Plaza,Sul,Calça Jeans,Vestuário,2.0,140.37
2025-08-17,Loja Savassi,Sudeste,Fone Bluetooth,Eletrônicos,4.0,246.63
2025-08-17,Loja Centro,Sudeste,Panela de Pressão,Casa,2.0,87.32
2025-08-17,Loja Centro,Sudeste,Calça Jeans,Vestuário,6.0,145.37
2025-08-17,Loja Sul Plaza,Sul,Panela de Pressão,Casa,7.0,80.91
2025-08-17,Loja Sul Plaza,Sul,Relógio,Acessórios,4.0,450.82
2025-08-18,Loja Centro,Sudeste,Smartphone,Eletrônicos,4.0,2516.09
2025-08-18,Loja Nordeste Mall,Nordeste,Fone Bluetooth,Eletrônicos,1.0,270.04
2025-08-19,Loja Centro,Sudeste,Relógio,Acessórios,1.0,512.77
2025-08-19,Loja Centro,Sudeste,Liquidificador,Casa,7.0,118.26
2025-08-19,Loja Centro,Sudeste,Cafeteira,Casa,4.0,209.59
2025-08-19,Loja Savassi,Sudeste,Mochila,Acessórios,7.0,166.28
2025-08-19,Loja Nordeste Mall,Nordeste,Mochila,Acessórios,4.0,130.28
2025-08-19,Loja Nordeste Mall,Nordeste,Fone Bluetooth,Eletrônicos,6.0,238.9
2025-08-19,Loja Centro,Sudeste,Smartphone,Eletrônicos,1.0,2048.54
2025-08-19,Loja Savassi,Sudeste,Fone Bluetooth,Eletrônicos,5.0,236.62
2025-08-20,Loja Norte Shopping,Norte,Relógio,Acessórios,1.0,480.64
2025-08-21,Loja Savassi,Sudeste,Tênis,Vestuário,3.0,295.38
2025-08-21,Loja Centro,Sudeste,Relógio,Acessórios,4.0,491.86
2025-08-21,Loja Savassi,Sudeste,Relógio,Acessórios,5.0,443.98
2025-08-21,Loja Centro,Sudeste,Cafeteira,Casa,4.0,215.86
2025-08-21,Loja Centro,Sudeste,Fone Bluetooth,Eletrônicos,3.0,235.22
2025-08-21,Loja Norte Shopping,Norte,Camiseta,Vestuário,2.0,52.69
2025-08-21,Loja Savassi,Sudeste,Calça Jeans,Vestuário,1.0,130.09
2025-08-21,Loja Savassi,Sudeste,Mochila,Acessórios,2.0,137.78
2025-08-21,Loja Centro,Sudeste,Camiseta,Vestuário,7.0,56.1
2025-08-21,Loja Savassi,Sudeste,Tênis,Vestuário,4.0,314.96
2025-08-21,Loja Sul Plaza,Sul,Camiseta,Vestuário,2.0,65.32
2025-08-22,Loja Nordeste Mall,Nordeste,Fone Bluetooth,Eletrônicos,6.0,
2025-08-22,Loja Norte Shopping,Norte,Cafeteira,Casa,4.0,208.97
2025-08-23,Loja Norte Shopping,Norte,Smartphone,Eletrônicos,7.0,2060.63
2025-08-23,Loja Sul Plaza,Sul,Panela de Pressão,Casa,,98.41
2025-08-23,Loja Centro,Sudeste,Fone Bluetooth,Eletrônicos,4.0,262.21
2025-08-23,Loja Centro,Sudeste,Cafeteira,Casa,4.0,198.8
2025-08-24,Loja Centro,Sudeste,Panela de Pressão,Casa,1.0,103.28
2025-08-24,Loja Nordeste Mall,Nordeste,Tênis,Vestuário,4.0,329.86
2025-08-24,Loja Sul Plaza,Sul,Liquidificador,Casa,2.0,143.49
2025-08-24,Loja Sul Plaza,Sul,Camiseta,Vestuário,3.0,51.32
2025-08-24,Loja Centro,Sudeste,Cafeteira,Casa,4.0,221.87
2025-08-24,Loja Centro,Sudeste,Panela de Pressão,Casa,5.0,97.32
2025-08-24,Loja Sul Plaza,Sul,Smartphone,Eletrônicos,5.0,2047.78
2025-08-24,Loja Savassi,Sudeste,Smartphone,Eletrônicos,6.0,2123.55
2025-08-25,Loja Centro,Sudeste,Mochila,Acessórios,6.0,152.12
2025-08-25,Loja Savassi,Sudeste,Relógio,Acessórios,4.0,481.31
2025-08-25,Loja Savassi,Sudeste,Calça Jeans,Vestuário,4.0,147.72
2025-08-25,Loja Centro,Sudeste,Mochila,Acessórios,4.0,132.89
2025-08-25,Loja Norte Shopping,Norte,Tênis,Vestuário,4.0,347.33
2025-08-25,Loja Centro,Sudeste,Fone Bluetooth,Eletrônicos,1.0,246.25
2025-08-25,Loja Savassi,Sudeste,Smartphone,Eletrônicos,3.0,1994.73
2025-08-25,Loja Savassi,Sudeste,Liquidificador,Casa,5.0,130.85
2025-08-26,Loja Centro,Sudeste,Notebook,Eletrônicos,6.0,3691.73
2025-08-26,Loja Norte Shopping,Norte,Notebook,Eletrônicos,5.0,3716.28
2025-08-26,Loja Savassi,Sudeste,Panela de Pressão,Casa,1.0,99.91
2025-08-26,Loja Sul Plaza,Sul,Tênis,Vestuário,6.0,311.88
2025-08-27,Loja Sul Plaza,Sul,Notebook,Eletrônicos,1.0,3185.92
2025-08-27,Loja Norte Shopping,Norte,Smartphone,Eletrônicos,4.0,2525.11
2025-08-27,Loja Savassi,Sudeste,Notebook,Eletrônicos,1.0,3872.18
2025-08-27,Loja Sul Plaza,Sul,Tênis,Vestuário,5.0,356.69
2025-08-27,Loja Norte Shopping,Norte,Mochila,Acessórios,1.0,131.95
2025-08-27,Loja Nordeste Mall,Nordeste,Camiseta,Vestuário,6.0,56.38
2025-08-27,Loja Savassi,Sudeste,Panela de Pressão,Casa,3.0,104.57
2025-08-27,Loja Centro,Sudeste,Fone Bluetooth,Eletrônicos,5.0,239.25
2025-08-28,Loja Savassi,Sudeste,Camiseta,Vestuário,2.0,68.67
2025-08-28,Loja Nordeste Mall,Nordeste,Panela de Pressão,Casa,6.0,106.17
2025-08-28,Loja Norte Shopping,Norte,Panela de Pressão,Casa,1.0,103.17
2025-08-28,Loja Centro,Sudeste,Camiseta,Vestuário,5.0,61.64
2025-08-29,Loja Sul Plaza,Sul,Cafeteira,Casa,1.0,206.49
2025-08-29,Loja Sul Plaza,Sul,Calça Jeans,Vestuário,6.0,139.5
2025-08-29,Loja Norte Shopping,Norte,Calça Jeans,Vestuário,6.0,157.77
2025-08-30,Loja Norte Shopping,Norte,Notebook,Eletrônicos,1.0,3561.9
2025-08-30,Loja Centro,Sudeste,Camiseta,Vestuário,6.0,55.26
2025-08-30,Loja Norte Shopping,Norte,Mochila,Acessórios,7.0,132.28
2025-08-30,Loja Savassi,Sudeste,Camiseta,Vestuário,6.0,52.0
2025-08-30,Loja Centro,Sudeste,Tênis,Vestuário,4.0,306.46
2025-08-30,Loja Norte Shopping,Norte,Fone Bluetooth,Eletrônicos,7.0,225.84
2025-08-31,Loja Centro,Sudeste,Relógio,Acessórios,1.0,497.61
2025-08-31,Loja Nordeste Mall,Nordeste,Tênis,Vestuário,7.0,347.82
2025-08-31,Loja Centro,Sudeste,Cafeteira,Casa,7.0,200.78
2025-08-31,Loja Centro,Sudeste,Smartphone,Eletrônicos,4.0,2454.47
2025-08-31,Loja Savassi,Sudeste,Panela de Pressão,Casa,1.0,80.89
2025-08-31,Loja Centro,Sudeste,Relógio,Acessórios,4.0,500.67
2025-08-31,Loja Nordeste Mall,Nordeste,Tênis,Vestuário,2.0,318.37
2025-09-01,Loja Norte Shopping,Norte,Liquidificador,Casa,7.0,120.76
2025-09-01,Loja Sul Plaza,Sul,Relógio,Acessórios,1.0,415.98
2025-09-01,Loja Savassi,Sudeste,Mochila,Acessórios,2.0,155.23
2025-09-02,Loja Norte Shopping,Norte,Smartphone,Eletrônicos,5.0,2050.87
2025-09-03,Loja Centro,Sudeste,Tênis,Vestuário,5.0,312.97
2025-09-03,Loja Norte Shopping,Norte,Mochila,Acessórios,6.0,143.06
2025-09-03,Loja Nordeste Mall,Nordeste,Panela de Pressão,Casa,5.0,84.4
2025-09-03,Loja Centro,Sudeste,Panela de Pressão,Casa,6.0,99.51
2025-09-03,Loja Centro,Sudeste,Smartphone,Eletrônicos,1.0,2156.29
2025-09-04,Loja Sul Plaza,Sul,Camiseta,Vestuário,1.0,67.78
2025-09-04,Loja Savassi,Sudeste,Fone Bluetooth,Eletrônicos,4.0,267.79
2025-09-04,Loja Sul Plaza,Sul,Cafeteira,Casa,3.0,218.18
2025-09-04,Loja Centro,Sudeste,Panela de Pressão,Casa,5.0,99.73
2025-09-04,Loja Centro,Sudeste,Fone Bluetooth,Eletrônicos,3.0,240.93
2025-09-04,Loja Nordeste Mall,Nordeste,Smartphone,Eletrônicos,5.0,1967.32
2025-09-04,Loja Centro,Sudeste,Cafeteira,Casa,2.0,213.1
2025-09-04,Loja Savassi,Sudeste,Fone Bluetooth,Eletrônicos,6.0,223.04
2025-09-06,Loja Centro,Sudeste,Relógio,Acessórios,6.0,515.31
2025-09-06,Loja Norte Shopping,Norte,Fone Bluetooth,Eletrônicos,7.0,250.95
2025-09-06,Loja Centro,Sudeste,Tênis,Vestuário,7.0,345.31
2025-09-06,Loja Savassi,Sudeste,Cafeteira,Casa,2.0,178.6
2025-09-06,Loja Centro,Sudeste,Smartphone,Eletrônicos,4.0,1889.66
2025-09-06,Loja Centro,Sudeste,Cafeteira,Casa,2.0,237.45
2025-09-07,Loja Centro,Sudeste,Smartphone,Eletrônicos,3.0,
2025-09-07,Loja Savassi,Sudeste,Calça Jeans,Vestuário,4.0,141.86
2025-09-07,Loja Sul Plaza,Sul,Calça Jeans,Vestuário,3.0,158.53
2025-09-07,Loja Sul Plaza,Sul,Cafeteira,Casa,2.0,191.52
2025-09-07,Loja Savassi,Sudeste,Calça Jeans,Vestuário,7.0,154.33
2025-09-07,Loja Nordeste Mall,Nordeste,Fone Bluetooth,Eletrônicos,7.0,264.09
2025-09-08,Loja Savassi,Sudeste,Fone Bluetooth,Eletrônicos,6.0,237.83
2025-09-08,Loja Centro,Sudeste,Fone Bluetooth,Eletrônicos,6.0,249.3
2025-09-08,Loja Savassi,Sudeste,Fone Bluetooth,Eletrônicos,3.0,229.32
2025-09-08,Loja Savassi,Sudeste,Cafeteira,Casa,7.0,221.41
2025-09-08,Loja Norte Shopping,Norte,Camiseta,Vestuário,3.0,66.99
2025-09-08,Loja Norte Shopping,Norte,Calça Jeans,Vestuário,4.0,129.7
2025-09-08,Loja Centro,Sudeste,Smartphone,Eletrônicos,7.0,2503.33
2025-09-09,Loja Sul Plaza,Sul,Notebook,Eletrônicos,2.0,3471.64
2025-09-09,Loja Savassi,Sudeste,Panela de Pressão,Casa,1.0,104.24
2025-09-09,Loja Centro,Sudeste,Fone Bluetooth,Eletrônicos,1.0,258.01
2025-09-09,Loja Savassi,Sudeste,Camiseta,Vestuário,5.0,65.73
2025-09-09,Loja Norte Shopping,Norte,Notebook,Eletrônicos,1.0,3104.74
2025-09-09,Loja Centro,Sudeste,Relógio,Acessórios,3.0,435.3
2025-09-09,Loja Sul Plaza,Sul,Liquidificador,Casa,4.0,126.13
2025-09-10,Loja Centro,Sudeste,Camiseta,Vestuário,2.0,65.03
2025-09-10,Loja Nordeste Mall,Nordeste,Relógio,Acessórios,4.0,523.42
2025-09-10,Loja Centro,Sudeste,Smartphone,Eletrônicos,5.0,2510.57
2025-09-10,Loja Sul Plaza,Sul,Relógio,Acessórios,1.0,499.03
2025-09-10,Loja Norte Shopping,Norte,Panela de Pressão,Casa,2.0,105.2
2025-09-10,Loja Centro,Sudeste,Fone Bluetooth,Eletrônicos,1.0,276.49
2025-09-11,Loja Savassi,Sudeste,Tênis,Vestuário,1.0,318.66
2025-09-11,Loja Centro,Sudeste,Smartphone,Eletrônicos,4.0,2243.3
2025-09-11,Loja Centro,Sudeste,Mochila,Acessórios,1.0,151.09
2025-09-11,Loja Sul Plaza,Sul,Tênis,Vestuário,2.0,326.88
2025-09-11,Loja Sul Plaza,Sul,Liquidificador,Casa,1.0,127.83
2025-09-12,Loja Sul Plaza,Sul,Camiseta,Vestuário,5.0,53.67
2025-09-12,Loja Centro,Sudeste,Fone Bluetooth,Eletrônicos,4.0,225.62
2025-09-12,Loja Norte Shopping,Norte,Notebook,Eletrônicos,5.0,3050.32
2025-09-12,Loja Sul Plaza,Sul,Calça Jeans,Vestuário,2.0,136.44
2025-09-13,Loja Savassi,Sudeste,Relógio,Acessórios,7.0,416.66
2025-09-13,Loja Nordeste Mall,Nordeste,Mochila,Acessórios,6.0,127.68
2025-09-13,Loja Centro,Sudeste,Camiseta,Vestuário,7.0,56.77
2025-09-14,Loja Savassi,Sudeste,Notebook,Eletrônicos,6.0,3337.61
2025-09-14,Loja Centro,Sudeste,Relógio,Acessórios,3.0,501.97
2025-09-14,Loja Savassi,Sudeste,Mochila,Acessórios,5.0,151.25
2025-09-14,Loja Sul Plaza,Sul,Smartphone,Eletrônicos,4.0,1929.98
2025-09-14,Loja Savassi,Sudeste,Tênis,Vestuário,,357.21
2025-09-14,Loja Nordeste Mall,Nordeste,Tênis,Vestuário,5.0,323.4
2025-09-14,Loja Centro,Sudeste,Liquidificador,Casa,2.0,111.57
2025-09-14,Loja Savassi,Sudeste,Relógio,Acessórios,6.0,516.85
2025-09-15,Loja Centro,Sudeste,Liquidificador,Casa,5.0,134.97
2025-09-15,Loja Centro,Sudeste,Cafeteira,Casa,1.0,229.04
2025-09-15,Loja Savassi,Sudeste,Tênis,Vestuário,7.0,343.0
2025-09-16,Loja Norte Shopping,Norte,Mochila,Acessórios,1.0,155.87
2025-09-16,Loja Savassi,Sudeste,Calça Jeans,Vestuário,4.0,159.11
2025-09-16,Loja Norte Shopping,Norte,Tênis,Vestuário,5.0,311.39
2025-09-16,Loja Sul Plaza,Sul,Liquidificador,Casa,1.0,149.14
2025-09-16,Loja Norte Shopping,Norte,Tênis,Vestuário,2.0,308.72
2025-09-16,Loja Centro,Sudeste,Relógio,Acessórios,4.0,488.61
2025-09-16,Loja Nordeste Mall,Nordeste,Relógio,Acessórios,1.0,440.86
2025-09-17,Loja Savassi,Sudeste,Calça Jeans,Vestuário,7.0,130.59
2025-09-17,Loja Centro,Sudeste,Liquidificador,Casa,1.0,133.44
2025-09-17,Loja Savassi,Sudeste,Mochila,Acessórios,2.0,145.17
2025-09-18,Loja Centro,Sudeste,Mochila,Acessórios,6.0,154.63
2025-09-18,Loja Savassi,Sudeste,Camiseta,Vestuário,2.0,63.96
2025-09-18,Loja Sul Plaza,Sul,Cafeteira,Casa,2.0,216.73
2025-09-18,Loja Norte Shopping,Norte,Camiseta,Vestuário,2.0,64.78
2025-09-18,Loja Sul Plaza,Sul,Smartphone,Eletrônicos,1.0,2423.72
2025-09-18,Loja Norte Shopping,Norte,Fone Bluetooth,Eletrônicos,2.0,226.71
2025-09-18,Loja Savassi,Sudeste,Notebook,Eletrônicos,5.0,3710.48
2025-09-19,Loja Sul Plaza,Sul,Relógio,Acessórios,6.0,532.8
2025-09-19,Loja Nordeste Mall,Nordeste,Liquidificador,Casa,7.0,139.14
2025-09-19,Loja Nordeste Mall,Nordeste,Camiseta,Vestuário,3.0,63.34
2025-09-19,Loja Centro,Sudeste,Camiseta,Vestuário,6.0,57.54
2025-09-19,Loja Centro,Sudeste,Smartphone,Eletrônicos,2.0,2499.92
2025-09-19,Loja Norte Shopping,Norte,Liquidificador,Casa,4.0,126.19
2025-09-19,Loja Nordeste Mall,Nordeste,Camiseta,Vestuário,7.0,68.44
2025-09-20,Loja Sul Plaza,Sul,Fone Bluetooth,Eletrônicos,6.0,259.15
2025-09-20,Loja Savassi,Sudeste,Calça Jeans,Vestuário,2.0,159.58
2025-09-21,Loja Savassi,Sudeste,Mochila,Acessórios,1.0,145.71
2025-09-21,Loja Centro,Sudeste,Calça Jeans,Vestuário,1.0,153.64
2025-09-21,Loja Savassi,Sudeste,Smartphone,Eletrônicos,7.0,2512.42
2025-09-21,Loja Centro,Sudeste,Smartphone,Eletrônicos,3.0,2449.02
2025-09-21,Loja Sul Plaza,Sul,Mochila,Acessórios,2.0,157.74
2025-09-21,Loja Norte Shopping,Norte,Relógio,Acessórios,2.0,503.09
2025-09-21,Loja Nordeste Mall,Nordeste,Tênis,Vestuário,2.0,366.37
2025-09-21,Loja Savassi,Sudeste,Mochila,Acessórios,2.0,160.56
2025-09-21,Loja Savassi,Sudeste,Notebook,Eletrônicos,2.0,3417.59
2025-09-21,Loja Savassi,Sudeste,Tênis,Vestuário,3.0,329.57
2025-09-21,Loja Sul Plaza,Sul,Liquidificador,Casa,3.0,147.97
2025-09-22,Loja Sul Plaza,Sul,Calça Jeans,Vestuário,7.0,126.44
2025-09-22,Loja Savassi,Sudeste,Camiseta,Vestuário,4.0,65.01
2025-09-22,Loja Centro,Sudeste,Fone Bluetooth,Eletrônicos,4.0,281.27
2025-09-23,Loja Sul Plaza,Sul,Tênis,Vestuário,1.0,286.27
2025-09-23,Loja Centro,Sudeste,Smartphone,Eletrônicos,4.0,2062.98
2025-09-23,Loja Savassi,Sudeste,Smartphone,Eletrônicos,5.0,2139.8
2025-09-23,Loja Centro,Sudeste,Mochila,Acessórios,5.0,128.4
2025-09-24,Loja Centro,Sudeste,Cafeteira,Casa,1.0,225.6
2025-09-24,Loja Sul Plaza,Sul,Cafeteira,Casa,2.0,227.11
2025-09-24,Loja Savassi,Sudeste,Tênis,Vestuário,5.0,315.46
2025-09-24,Loja Savassi,Sudeste,Tênis,Vestuário,5.0,364.34
2025-09-24,Loja Sul Plaza,Sul,Cafeteira,Casa,2.0,207.7
2025-09-24,Loja Centro,Sudeste,Smartphone,Eletrônicos,7.0,2483.52
2025-09-24,Loja Centro,Sudeste,Calça Jeans,Vestuário,6.0,124.4
2025-09-25,Loja Nordeste Mall,Nordeste,Fone Bluetooth,Eletrônicos,3.0,218.42
2025-09-25,Loja Centro,Sudeste,Cafeteira,Casa,,214.14
2025-09-25,Loja Centro,Sudeste,Calça Jeans,Vestuário,1.0,
2025-09-25,Loja Nordeste Mall,Nordeste,Liquidificador,Casa,5.0,118.1
2025-09-25,Loja Centro,Sudeste,Cafeteira,Casa,2.0,221.56
2025-09-25,Loja Savassi,Sudeste,Calça Jeans,Vestuário,2.0,155.05
2025-09-25,Loja Savassi,Sudeste,Cafeteira,Casa,5.0,186.37
2025-09-25,Loja Centro,Sudeste,Relógio,Acessórios,2.0,533.06
2025-09-26,Loja Nordeste Mall,Nordeste,Fone Bluetooth,Eletrônicos,5.0,268.63
2025-09-26,Loja Sul Plaza,Sul,Cafeteira,Casa,6.0,197.69
2025-09-26,Loja Savassi,Sudeste,Relógio,Acessórios,1.0,530.39
2025-09-26,Loja Sul Plaza,Sul,Relógio,Acessórios,4.0,551.92
2025-09-27,Loja Sul Plaza,Sul,Tênis,Vestuário,3.0,272.77
2025-09-27,Loja Centro,Sudeste,Mochila,Acessórios,2.0,160.02
2025-09-27,Loja Centro,Sudeste,Tênis,Vestuário,3.0,325.37
2025-09-27,Loja Centro,Sudeste,Smartphone,Eletrônicos,3.0,1906.16
2025-09-27,Loja Centro,Sudeste,Mochila,Acessórios,1.0,170.75
2025-09-28,Loja Savassi,Sudeste,Notebook,Eletrônicos,1.0,3587.6
2025-09-28,Loja Centro,Sudeste,Tênis,Vestuário,1.0,314.7
2025-09-28,Loja Centro,Sudeste,Fone Bluetooth,Eletrônicos,7.0,212.55
2025-09-28,Loja Centro,Sudeste,Camiseta,Vestuário,2.0,65.12
2025-09-28,Loja Centro,Sudeste,Relógio,Acessórios,5.0,484.21
2025-09-28,Loja Centro,Sudeste,Panela de Pressão,Casa,6.0,102.11
2025-09-29,Loja Savassi,Sudeste,Smartphone,Eletrônicos,6.0,2049.68
2025-09-29,Loja Centro,Sudeste,Notebook,Eletrônicos,2.0,
2025-09-29,Loja Savassi,Sudeste,Smartphone,Eletrônicos,2.0,2298.97
2025-09-30,Loja Savassi,Sudeste,Tênis,Vestuário,1.0,320.29
2025-09-30,Loja Savassi,Sudeste,Tênis,Vestuário,3.0,367.22
2025-09-30,Loja Centro,Sudeste,Tênis,Vestuário,6.0,354.44
2025-09-30,Loja Savassi,Sudeste,Notebook,Eletrônicos,6.0,3170.91
2025-09-30,Loja Savassi,Sudeste,Smartphone,Eletrônicos,4.0,2346.51
2025-09-30,Loja Savassi,Sudeste,Camiseta,Vestuário,7.0,66.54
2025-09-30,Loja Centro,Sudeste,Tênis,Vestuário,5.0,353.88
2025-10-01,Loja Centro,Sudeste,Calça Jeans,Vestuário,6.0,153.11
2025-10-01,Loja Savassi,Sudeste,Cafeteira,Casa,5.0,192.98
2025-10-01,Loja Nordeste Mall,Nordeste,Smartphone,Eletrônicos,1.0,2218.32
2025-10-01,Loja Savassi,Sudeste,Tênis,Vestuário,4.0,303.16
2025-10-01,Loja Sul Plaza,Sul,Cafeteira,Casa,7.0,201.34
2025-10-02,Loja Centro,Sudeste,Panela de Pressão,Casa,6.0,106.18
2025-10-02,Loja Savassi,Sudeste,Mochila,Acessórios,7.0,149.96
2025-10-02,Loja Centro,Sudeste,Cafeteira,Casa,3.0,238.71
2025-10-02,Loja Savassi,Sudeste,Fone Bluetooth,Eletrônicos,5.0,264.25
2025-10-03,Loja Nordeste Mall,Nordeste,Fone Bluetooth,Eletrônicos,5.0,220.15
2025-10-04,Loja Norte Shopping,Norte,Cafeteira,Casa,7.0,221.66
2025-10-04,Loja Savassi,Sudeste,Smartphone,Eletrônicos,3.0,2235.62
2025-10-04,Loja Savassi,Sudeste,Relógio,Acessórios,6.0,517.79
2025-10-04,Loja Centro,Sudeste,Panela de Pressão,Casa,7.0,93.85
2025-10-04,Loja Norte Shopping,Norte,Liquidificador,Casa,2.0,144.46
2025-10-04,Loja Centro,Sudeste,Smartphone,Eletrônicos,1.0,2019.26
2025-10-04,Loja Savassi,Sudeste,Fone Bluetooth,Eletrônicos,6.0,234.19
2025-10-05,Loja Centro,Sudeste,Fone Bluetooth,Eletrônicos,6.0,245.29
2025-10-05,Loja Centro,Sudeste,Cafeteira,Casa,7.0,225.73
2025-10-05,Loja Nordeste Mall,Nordeste,Smartphone,Eletrônicos,1.0,1951.13
2025-10-06,Loja Norte Shopping,Norte,Liquidificador,Casa,6.0,137.45
2025-10-06,Loja Savassi,Sudeste,Tênis,Vestuário,2.0,365.58
2025-10-07,Loja Savassi,Sudeste,Calça Jeans,Vestuário,2.0,123.46
2025-10-07,Loja Centro,Sudeste,Tênis,Vestuário,2.0,300.66
2025-10-07,Loja Centro,Sudeste,Fone Bluetooth,Eletrônicos,2.0,281.47
2025-10-07,Loja Norte Shopping,Norte,Camiseta,Vestuário,1.0,60.35
2025-10-07,Loja Nordeste Mall,Nordeste,Liquidificador,Casa,4.0,
2025-10-07,Loja Centro,Sudeste,Fone Bluetooth,Eletrônicos,2.0,268.21
2025-10-07,Loja Centro,Sudeste,Panela de Pressão,Casa,3.0,86.09
2025-10-08,Loja Sul Plaza,Sul,Relógio,Acessórios,6.0,495.32
2025-10-08,Loja Savassi,Sudeste,Smartphone,Eletrônicos,3.0,2436.23
2025-10-08,Loja Sul Plaza,Sul,Liquidificador,Casa,6.0,142.86
2025-10-08,Loja Centro,Sudeste,Mochila,Acessórios,4.0,146.94
2025-10-09,Loja Sul Plaza,Sul,Mochila,Acessórios,5.0,159.19
2025-10-09,Loja Nordeste Mall,Nordeste,Fone Bluetooth,Eletrônicos,7.0,254.5
2025-10-09,Loja Centro,Sudeste,Cafeteira,Casa,1.0,190.94
2025-10-09,Loja Savassi,Sudeste,Relógio,Acessórios,1.0,517.92
2025-10-09,Loja Centro,Sudeste,Smartphone,Eletrônicos,2.0,2348.45
2025-10-09,Loja Nordeste Mall,Nordeste,Calça Jeans,Vestuário,2.0,145.93
2025-10-09,Loja Savassi,Sudeste,Cafeteira,Casa,5.0,232.29
2025-10-10,Loja Centro,Sudeste,Cafeteira,Casa,7.0,184.45
2025-10-10,Loja Centro,Sudeste,Relógio,Acessórios,7.0,471.09
2025-10-10,Loja Sul Plaza,Sul,Calça Jeans,Vestuário,3.0,126.28
2025-10-10,Loja Savassi,Sudeste,Relógio,Acessórios,1.0,546.66
2025-10-10,Loja Savassi,Sudeste,Cafeteira,Casa,4.0,218.74
2025-10-10,Loja Nordeste Mall,Nordeste,Relógio,Acessórios,2.0,514.02
2025-10-11,Loja Centro,Sudeste,Liquidificador,Casa,4.0,137.61
2025-10-11,Loja Centro,Sudeste,Calça Jeans,Vestuário,1.0,123.63
2025-10-11,Loja Savassi,Sudeste,Liquidificador,Casa,2.0,144.91
2025-10-11,Loja Sul Plaza,Sul,Camiseta,Vestuário,3.0,51.74
2025-10-11,Loja Norte Shopping,Norte,Cafeteira,Casa,2.0,185.13
2025-10-11,Loja Centro,Sudeste,Notebook,Eletrônicos,5.0,3034.31
2025-10-12,Loja Sul Plaza,Sul,Tênis,Vestuário,5.0,284.81
2025-10-12,Loja Savassi,Sudeste,Fone Bluetooth,Eletrônicos,1.0,249.43
2025-10-12,Loja Centro,Sudeste,Tênis,Vestuário,3.0,319.97
2025-10-12,Loja Centro,Sudeste,Liquidificador,Casa,3.0,128.54
2025-10-12,Loja Centro,Sudeste,Camiseta,Vestuário,1.0,52.86
2025-10-12,Loja Nordeste Mall,Nordeste,Relógio,Acessórios,3.0,444.96
2025-10-12,Loja Savassi,Sudeste,Panela de Pressão,Casa,6.0,95.5
2025-10-12,Loja Norte Shopping,Norte,Liquidificador,Casa,3.0,112.31
2025-10-12,Loja Norte Shopping,Norte,Mochila,Acessórios,7.0,128.51
2025-10-13,Loja Savassi,Sudeste,Notebook,Eletrônicos,7.0,3946.86
2025-10-13,Loja Nordeste Mall,Nordeste,Panela de Pressão,Casa,3.0,100.95
2025-10-13,Loja Centro,Sudeste,Tênis,Vestuário,2.0,338.76
2025-10-13,Loja Nordeste Mall,Nordeste,Calça Jeans,Vestuário,1.0,156.81
2025-10-13,Loja Savassi,Sudeste,Calça Jeans,Vestuário,7.0,152.92
2025-10-13,Loja Centro,Sudeste,Tênis,Vestuário,2.0,316.17
2025-10-13,Loja Centro,Sudeste,Liquidificador,Casa,4.0,114.0
2025-10-14,Loja Norte Shopping,Norte,Fone Bluetooth,Eletrônicos,5.0,234.88
2025-10-14,Loja Centro,Sudeste,Panela de Pressão,Casa,7.0,106.54
2025-10-14,Loja Norte Shopping,Norte,Notebook,Eletrônicos,5.0,3696.21
2025-10-15,Loja Savassi,Sudeste,Smartphone,Eletrônicos,1.0,1954.89
2025-10-15,Loja Centro,Sudeste,Smartphone,Eletrônicos,1.0,2007.46
2025-10-15,Loja Savassi,Sudeste,Notebook,Eletrônicos,1.0,3025.99
2025-10-15,Loja Savassi,Sudeste,Relógio,Acessórios,5.0,533.92
2025-10-15,Loja Norte Shopping,Norte,Relógio,Acessórios,1.0,427.91
2025-10-15,Loja Savassi,Sudeste,Cafeteira,Casa,7.0,221.98
2025-10-15,Loja Nordeste Mall,Nordeste,Fone Bluetooth,Eletrônicos,2.0,235.72
2025-10-15,Loja Sul Plaza,Sul,Calça Jeans,Vestuário,2.0,131.96
2025-10-15,Loja Centro,Sudeste,Cafeteira,Casa,7.0,199.98
2025-10-15,Loja Centro,Sudeste,Relógio,Acessórios,6.0,525.65
2025-10-16,Loja Savassi,Sudeste,Smartphone,Eletrônicos,1.0,2189.12
2025-10-16,Loja Savassi,Sudeste,Camiseta,Vestuário,6.0,
2025-10-16,Loja Nordeste Mall,Nordeste,Notebook,Eletrônicos,6.0,3295.08
2025-10-16,Loja Centro,Sudeste,Relógio,Acessórios,5.0,521.76
2025-10-16,Loja Centro,Sudeste,Tênis,Vestuário,5.0,285.94
2025-10-16,Loja Centro,Sudeste,Smartphone,Eletrônicos,3.0,2426.02
2025-10-16,Loja Norte Shopping,Norte,Mochila,Acessórios,2.0,171.1
2025-10-16,Loja Centro,Sudeste,Relógio,Acessórios,6.0,420.15
2025-10-16,Loja Centro,Sudeste,Notebook,Eletrônicos,3.0,3559.57
2025-10-16,Loja Norte Shopping,Norte,Notebook,Eletrônicos,3.0,3991.13
2025-10-16,Loja Centro,Sudeste,Tênis,Vestuário,6.0,355.07
2025-10-17,Loja Norte Shopping,Norte,Tênis,Vestuário,4.0,298.82
2025-10-17,Loja Sul Plaza,Sul,Mochila,Acessórios,3.0,139.26
2025-10-18,Loja Savassi,Sudeste,Relógio,Acessórios,6.0,410.19
2025-10-18,Loja Savassi,Sudeste,Fone Bluetooth,Eletrônicos,7.0,273.23
2025-10-18,Loja Nordeste Mall,Nordeste,Cafeteira,Casa,5.0,232.47
2025-10-18,Loja Savassi,Sudeste,Liquidificador,Casa,3.0,130.8
2025-10-19,Loja Norte Shopping,Norte,Liquidificador,Casa,6.0,120.76
2025-10-19,Loja Sul Plaza,Sul,Relógio,Acessórios,2.0,492.86
2025-10-19,Loja Sul Plaza,Sul,Cafeteira,Casa,4.0,236.32
2025-10-19,Loja Savassi,Sudeste,Mochila,Acessórios,4.0,165.07
2025-10-20,Loja Sul Plaza,Sul,Notebook,Eletrônicos,4.0,3400.1
2025-10-20,Loja Centro,Sudeste,Mochila,Acessórios,6.0,132.9
2025-10-20,Loja Norte Shopping,Norte,Camiseta,Vestuário,1.0,58.52
2025-10-20,Loja Centro,Sudeste,Camiseta,Vestuário,7.0,53.02
2025-10-20,Loja Centro,Sudeste,Panela de Pressão,Casa,7.0,97.07
2025-10-20,Loja Centro,Sudeste,Relógio,Acessórios,5.0,549.83
2025-10-20,Loja Sul Plaza,Sul,Cafeteira,Casa,,184.48
2025-10-20,Loja Norte Shopping,Norte,Panela de Pressão,Casa,6.0,81.79
2025-10-20,Loja Nordeste Mall,Nordeste,Cafeteira,Casa,6.0,
2025-10-20,Loja Savassi,Sudeste,Cafeteira,Casa,4.0,237.46
2025-10-21,Loja Centro,Sudeste,Camiseta,Vestuário,6.0,64.22
2025-10-21,Loja Norte Shopping,Norte,Mochila,Acessórios,1.0,146.3
2025-10-21,Loja Nordeste Mall,Nordeste,Smartphone,Eletrônicos,5.0,1981.67
2025-10-21,Loja Savassi,Sudeste,Camiseta,Vestuário,5.0,54.23
2025-10-21,Loja Savassi,Sudeste,Tênis,Vestuário,7.0,355.14
2025-10-21,Loja Centro,Sudeste,Fone Bluetooth,Eletrônicos,1.0,235.83
2025-10-22,Loja Sul Plaza,Sul,Notebook,Eletrônicos,5.0,2991.08
2025-10-22,Loja Sul Plaza,Sul,Notebook,Eletrônicos,,4016.49
2025-10-22,Loja Nordeste Mall,Nordeste,Fone Bluetooth,Eletrônicos,2.0,259.06
2025-10-22,Loja Centro,Sudeste,Notebook,Eletrônicos,4.0,3532.23
2025-10-22,Loja Nordeste Mall,Nordeste,Fone Bluetooth,Eletrônicos,1.0,247.68
2025-10-22,Loja Norte Shopping,Norte,Fone Bluetooth,Eletrônicos,1.0,
2025-10-23,Loja Sul Plaza,Sul,Tênis,Vestuário,4.0,342.49
2025-10-23,Loja Sul Plaza,Sul,Panela de Pressão,Casa,7.0,103.77
2025-10-23,Loja Savassi,Sudeste,Fone Bluetooth,Eletrônicos,1.0,222.66
2025-10-23,Loja Savassi,Sudeste,Liquidificador,Casa,2.0,117.66
2025-10-23,Loja Nordeste Mall,Nordeste,Mochila,Acessórios,7.0,171.28
2025-10-23,Loja Nordeste Mall,Nordeste,Mochila,Acessórios,5.0,128.33
2025-10-24,Loja Sul Plaza,Sul,Fone Bluetooth,Eletrônicos,2.0,267.39
2025-10-24,Loja Centro,Sudeste,Cafeteira,Casa,5.0,200.95
2025-10-25,Loja Savassi,Sudeste,Relógio,Acessórios,5.0,426.51
2025-10-25,Loja Savassi,Sudeste,Liquidificador,Casa,2.0,148.0
2025-10-26,Loja Centro,Sudeste,Smartphone,Eletrônicos,6.0,2519.52
2025-10-26,Loja Savassi,Sudeste,Fone Bluetooth,Eletrônicos,2.0,274.99
2025-10-27,Loja Norte Shopping,Norte,Notebook,Eletrônicos,6.0,3826.64
2025-10-27,Loja Norte Shopping,Norte,Liquidificador,Casa,6.0,142.51
2025-10-27,Loja Sul Plaza,Sul,Liquidificador,Casa,4.0,116.7
2025-10-28,Loja Centro,Sudeste,Cafeteira,Casa,3.0,220.07
2025-10-28,Loja Savassi,Sudeste,Panela de Pressão,Casa,5.0,105.91
2025-10-28,Loja Norte Shopping,Norte,Camiseta,Vestuário,3.0,54.25
2025-10-28,Loja Sul Plaza,Sul,Notebook,Eletrônicos,3.0,3718.17
2025-10-28,Loja Centro,Sudeste,Liquidificador,Casa,5.0,131.6
2025-10-28,Loja Savassi,Sudeste,Fone Bluetooth,Eletrônicos,6.0,219.29
2025-10-28,Loja Nordeste Mall,Nordeste,Cafeteira,Casa,4.0,210.23
2025-10-28,Loja Savassi,Sudeste,Tênis,Vestuário,7.0,275.33
2025-10-29,Loja Centro,Sudeste,Camiseta,Vestuário,6.0,59.21
2025-10-29,Loja Norte Shopping,Norte,Panela de Pressão,Casa,7.0,87.57
2025-10-29,Loja Sul Plaza,Sul,Smartphone,Eletrônicos,2.0,2007.98
2025-10-29,Loja Centro,Sudeste,Panela de Pressão,Casa,7.0,96.35
2025-10-29,Loja Sul Plaza,Sul,Panela de Pressão,Casa,5.0,100.01
2025-10-29,Loja Norte Shopping,Norte,Relógio,Acessórios,4.0,497.77
2025-10-29,Loja Sul Plaza,Sul,Mochila,Acessórios,7.0,169.4
2025-10-30,Loja Centro,Sudeste,Mochila,Acessórios,7.0,158.13
2025-10-30,Loja Centro,Sudeste,Panela de Pressão,Casa,5.0,84.65
2025-10-30,Loja Sul Plaza,Sul,Fone Bluetooth,Eletrônicos,7.0,219.9
2025-10-30,Loja Sul Plaza,Sul,Calça Jeans,Vestuário,3.0,119.45
2025-10-30,Loja Sul Plaza,Sul,Camiseta,Vestuário,7.0,56.51
2025-10-30,Loja Savassi,Sudeste,Calça Jeans,Vestuário,2.0,138.26
2025-10-30,Loja Savassi,Sudeste,Panela de Pressão,Casa,6.0,105.71
2025-10-30,Loja Savassi,Sudeste,Smartphone,Eletrônicos,1.0,1923.43
2025-10-30,Loja Sul Plaza,Sul,Fone Bluetooth,Eletrônicos,6.0,223.86
2025-10-30,Loja Savassi,Sudeste,Mochila,Acessórios,4.0,146.25
2025-10-31,Loja Norte Shopping,Norte,Liquidificador,Casa,4.0,138.1
2025-10-31,Loja Nordeste Mall,Nordeste,Relógio,Acessórios,1.0,511.37
2025-10-31,Loja Sul Plaza,Sul,Cafeteira,Casa,4.0,202.69
2025-10-31,Loja Centro,Sudeste,Fone Bluetooth,Eletrônicos,4.0,281.28
2025-10-31,Loja Savassi,Sudeste,Notebook,Eletrônicos,5.0,3732.35
2025-10-31,Loja Norte Shopping,Norte,Liquidificador,Casa,3.0,135.28
2025-11-01,Loja Nordeste Mall,Nordeste,Cafeteira,Casa,3.0,226.42
2025-11-01,Loja Sul Plaza,Sul,Smartphone,Eletrônicos,2.0,2068.32
2025-11-01,Loja Savassi,Sudeste,Notebook,Eletrônicos,6.0,3254.32
2025-11-01,Loja Savassi,Sudeste,Mochila,Acessórios,3.0,167.19
2025-11-01,Loja Centro,Sudeste,Camiseta,Vestuário,4.0,61.56
2025-11-01,Loja Centro,Sudeste,Mochila,Acessórios,3.0,141.63
2025-11-01,Loja Sul Plaza,Sul,Calça Jeans,Vestuário,3.0,144.2
2025-11-01,Loja Centro,Sudeste,Panela de Pressão,Casa,,87.55
2025-11-01,Loja Savassi,Sudeste,Camiseta,Vestuário,1.0,56.11
2025-11-02,Loja Savassi,Sudeste,Smartphone,Eletrônicos,2.0,1935.84
2025-11-02,Loja Savassi,Sudeste,Calça Jeans,Vestuário,6.0,132.98
2025-11-02,Loja Nordeste Mall,Nordeste,Liquidificador,Casa,4.0,143.61
2025-11-02,Loja Centro,Sudeste,Relógio,Acessórios,1.0,541.68
2025-11-03,Loja Centro,Sudeste,Panela de Pressão,Casa,2.0,83.03
2025-11-03,Loja Centro,Sudeste,Smartphone,Eletrônicos,1.0,2062.92
2025-11-03,Loja Savassi,Sudeste,Calça Jeans,Vestuário,4.0,158.25
2025-11-03,Loja Sul Plaza,Sul,Liquidificador,Casa,2.0,146.64
2025-11-04,Loja Nordeste Mall,Nordeste,Fone Bluetooth,Eletrônicos,2.0,252.66
2025-11-04,Loja Nordeste Mall,Nordeste,Tênis,Vestuário,3.0,354.9
2025-11-04,Loja Norte Shopping,Norte,Camiseta,Vestuário,2.0,54.57
2025-11-05,Loja Savassi,Sudeste,Panela de Pressão,Casa,6.0,94.39
2025-11-05,Loja Centro,Sudeste,Mochila,Acessórios,5.0,140.24
2025-11-05,Loja Nordeste Mall,Nordeste,Camiseta,Vestuário,5.0,64.74
2025-11-05,Loja Norte Shopping,Norte,Panela de Pressão,Casa,1.0,95.05
2025-11-05,Loja Nordeste Mall,Nordeste,Mochila,Acessórios,6.0,134.02
2025-11-05,Loja Centro,Sudeste,Liquidificador,Casa,1.0,135.4
2025-11-06,Loja Sul Plaza,Sul,Calça Jeans,Vestuário,2.0,158.96
2025-11-06,Loja Savassi,Sudeste,Notebook,Eletrônicos,2.0,3739.84
2025-11-06,Loja Norte Shopping,Norte,Cafeteira,Casa,3.0,224.55
2025-11-06,Loja Centro,Sudeste,Cafeteira,Casa,6.0,180.02
2025-11-06,Loja Savassi,Sudeste,Tênis,Vestuário,1.0,321.26
2025-11-06,Loja Centro,Sudeste,Cafeteira,Casa,3.0,220.2
2025-11-07,Loja Savassi,Sudeste,Smartphone,Eletrônicos,3.0,2063.06
2025-11-07,Loja Savassi,Sudeste,Cafeteira,Casa,6.0,234.93
2025-11-07,Loja Norte Shopping,Norte,Smartphone,Eletrônicos,4.0,2303.5
2025-11-07,Loja Savassi,Sudeste,Notebook,Eletrônicos,1.0,3912.24
2025-11-07,Loja Savassi,Sudeste,Fone Bluetooth,Eletrônicos,5.0,217.24
2025-11-07,Loja Centro,Sudeste,Relógio,Acessórios,7.0,479.11
2025-11-08,Loja Norte Shopping,Norte,Fone Bluetooth,Eletrônicos,3.0,263.48
2025-11-08,Loja Nordeste Mall,Nordeste,Cafeteira,Casa,2.0,224.05
2025-11-08,Loja Centro,Sudeste,Liquidificador,Casa,4.0,144.56
2025-11-08,Loja Nordeste Mall,Nordeste,Relógio,Acessórios,3.0,482.32
2025-11-08,Loja Norte Shopping,Norte,Mochila,Acessórios,4.0,169.22
2025-11-08,Loja Savassi,Sudeste,Panela de Pressão,Casa,6.0,99.69
2025-11-09,Loja Nordeste Mall,Nordeste,Camiseta,Vestuário,,56.67
2025-11-09,Loja Centro,Sudeste,Fone Bluetooth,Eletrônicos,7.0,245.53
2025-11-09,Loja Norte Shopping,Norte,Cafeteira,Casa,4.0,185.62
2025-11-09,Loja Nordeste Mall,Nordeste,Fone Bluetooth,Eletrônicos,5.0,287.36
2025-11-09,Loja Sul Plaza,Sul,Camiseta,Vestuário,5.0,55.03
2025-11-09,Loja Centro,Sudeste,Smartphone,Eletrônicos,1.0,2148.88
2025-11-09,Loja Savassi,Sudeste,Relógio,Acessórios,2.0,425.75
2025-11-09,Loja Sul Plaza,Sul,Panela de Pressão,Casa,3.0,83.38
2025-11-10,Loja Norte Shopping,Norte,Liquidificador,Casa,3.0,148.97
2025-11-10,Loja Savassi,Sudeste,Calça Jeans,Vestuário,4.0,123.91
2025-11-10,Loja Savassi,Sudeste,Cafeteira,Casa,5.0,197.06
2025-11-10,Loja Centro,Sudeste,Relógio,Acessórios,3.0,535.79
2025-11-10,Loja Centro,Sudeste,Fone Bluetooth,Eletrônicos,7.0,219.54
2025-11-11,Loja Savassi,Sudeste,Smartphone,Eletrônicos,4.0,2117.57
2025-11-11,Loja Sul Plaza,Sul,Smartphone,Eletrônicos,2.0,2449.29
2025-11-11,Loja Sul Plaza,Sul,Tênis,Vestuário,6.0,288.72
2025-11-11,Loja Centro,Sudeste,Cafeteira,Casa,6.0,221.45
2025-11-12,Loja Savassi,Sudeste,Mochila,Acessórios,6.0,160.67
2025-11-12,Loja Centro,Sudeste,Tênis,Vestuário,4.0,273.82
2025-11-12,Loja Centro,Sudeste,Tênis,Vestuário,3.0,329.94
2025-11-12,Loja Savassi,Sudeste,Fone Bluetooth,Eletrônicos,1.0,220.95
2025-11-12,Loja Norte Shopping,Norte,Calça Jeans,Vestuário,2.0,157.59
2025-11-12,Loja Centro,Sudeste,Fone Bluetooth,Eletrônicos,3.0,242.8
2025-11-12,Loja Norte Shopping,Norte,Tênis,Vestuário,1.0,365.92
2025-11-12,Loja Centro,Sudeste,Notebook,Eletrônicos,4.0,3111.97
2025-11-13,Loja Sul Plaza,Sul,Smartphone,Eletrônicos,7.0,2002.42
2025-11-13,Loja Centro,Sudeste,Mochila,Acessórios,3.0,139.25
2025-11-13,Loja Norte Shopping,Norte,Relógio,Acessórios,7.0,
2025-11-13,Loja Sul Plaza,Sul,Cafeteira,Casa,7.0,183.09
2025-11-13,Loja Savassi,Sudeste,Notebook,Eletrônicos,6.0,3680.62
2025-11-14,Loja Centro,Sudeste,Notebook,Eletrônicos,1.0,3734.56
2025-11-14,Loja Sul Plaza,Sul,Liquidificador,Casa,6.0,111.1
2025-11-14,Loja Savassi,Sudeste,Notebook,Eletrônicos,7.0,3616.4
2025-11-14,Loja Sul Plaza,Sul,Cafeteira,Casa,5.0,194.83
2025-11-14,Loja Norte Shopping,Norte,Panela de Pressão,Casa,6.0,102.23
2025-11-14,Loja Savassi,Sudeste,Liquidificador,Casa,2.0,114.58
2025-11-14,Loja Centro,Sudeste,Panela de Pressão,Casa,7.0,82.91
2025-11-14,Loja Centro,Sudeste,Liquidificador,Casa,6.0,120.95
2025-11-14,Loja Nordeste Mall,Nordeste,Smartphone,Eletrônicos,5.0,2214.33
2025-11-14,Loja Norte Shopping,Norte,Smartphone,Eletrônicos,5.0,2203.81
2025-11-14,Loja Nordeste Mall,Nordeste,Camiseta,Vestuário,7.0,68.67
2025-11-14,Loja Nordeste Mall,Nordeste,Cafeteira,Casa,7.0,209.83
2025-11-15,Loja Savassi,Sudeste,Fone Bluetooth,Eletrônicos,2.0,214.96
2025-11-15,Loja Savassi,Sudeste,Camiseta,Vestuário,7.0,59.6
2025-11-15,Loja Centro,Sudeste,Tênis,Vestuário,5.0,296.9
2025-11-15,Loja Savassi,Sudeste,Liquidificador,Casa,6.0,125.37
2025-11-15,Loja Sul Plaza,Sul,Fone Bluetooth,Eletrônicos,3.0,231.64
2025-11-15,Loja Centro,Sudeste,Cafeteira,Casa,5.0,194.5
2025-11-15,Loja Norte Shopping,Norte,Panela de Pressão,Casa,5.0,80.94
2025-11-15,Loja Sul Plaza,Sul,Smartphone,Eletrônicos,7.0,2425.71
2025-11-16,Loja Centro,Sudeste,Cafeteira,Casa,1.0,208.11
2025-11-16,Loja Norte Shopping,Norte,Mochila,Acessórios,2.0,146.11
2025-11-16,Loja Norte Shopping,Norte,Camiseta,Vestuário,1.0,56.45
2025-11-16,Loja Savassi,Sudeste,Calça Jeans,Vestuário,1.0,137.8
2025-11-16,Loja Nordeste Mall,Nordeste,Smartphone,Eletrônicos,2.0,2235.76
2025-11-16,Loja Norte Shopping,Norte,Camiseta,Vestuário,2.0,61.56
2025-11-16,Loja Savassi,Sudeste,Panela de Pressão,Casa,1.0,100.96
2025-11-17,Loja Norte Shopping,Norte,Camiseta,Vestuário,6.0,53.27
2025-11-17,Loja Nordeste Mall,Nordeste,Liquidificador,Casa,7.0,126.38
2025-11-17,Loja Savassi,Sudeste,Relógio,Acessórios,1.0,524.47
2025-11-17,Loja Savassi,Sudeste,Cafeteira,Casa,2.0,238.99
2025-11-18,Loja Savassi,Sudeste,Fone Bluetooth,Eletrônicos,5.0,247.94
2025-11-18,Loja Centro,Sudeste,Tênis,Vestuário,5.0,343.82
2025-11-18,Loja Sul Plaza,Sul,Relógio,Acessórios,1.0,547.6
2025-11-19,Loja Savassi,Sudeste,Mochila,Acessórios,5.0,137.97
2025-11-19,Loja Centro,Sudeste,Camiseta,Vestuário,5.0,51.54
2025-11-19,Loja Savassi,Sudeste,Notebook,Eletrônicos,7.0,3585.53
2025-11-19,Loja Centro,Sudeste,Liquidificador,Casa,2.0,
2025-11-19,Loja Norte Shopping,Norte,Camiseta,Vestuário,1.0,68.54
2025-11-19,Loja Savassi,Sudeste,Fone Bluetooth,Eletrônicos,1.0,272.93
2025-11-20,Loja Centro,Sudeste,Calça Jeans,Vestuário,3.0,134.49
2025-11-20,Loja Savassi,Sudeste,Liquidificador,Casa,5.0,118.91
2025-11-20,Loja Centro,Sudeste,Notebook,Eletrônicos,2.0,3126.81
2025-11-20,Loja Centro,Sudeste,Panela de Pressão,Casa,4.0,94.99
2025-11-20,Loja Savassi,Sudeste,Mochila,Acessórios,2.0,166.87
2025-11-20,Loja Savassi,Sudeste,Relógio,Acessórios,1.0,
2025-11-21,Loja Sul Plaza,Sul,Mochila,Acessórios,5.0,138.03
2025-11-21,Loja Norte Shopping,Norte,Mochila,Acessórios,5.0,140.4
2025-11-21,Loja Centro,Sudeste,Calça Jeans,Vestuário,2.0,154.9
2025-11-21,Loja Savassi,Sudeste,Tênis,Vestuário,7.0,273.01
2025-11-22,Loja Norte Shopping,Norte,Relógio,Acessórios,2.0,503.23
2025-11-22,Loja Norte Shopping,Norte,Liquidificador,Casa,1.0,122.78
2025-11-22,Loja Sul Plaza,Sul,Relógio,Acessórios,6.0,540.13
2025-11-22,Loja Nordeste Mall,Nordeste,Notebook,Eletrônicos,7.0,3563.42
2025-11-22,Loja Nordeste Mall,Nordeste,Panela de Pressão,Casa,1.0,91.79
2025-11-22,Loja Centro,Sudeste,Notebook,Eletrônicos,2.0,3819.96
2025-11-22,Loja Norte Shopping,Norte,Calça Jeans,Vestuário,1.0,147.51
2025-11-23,Loja Nordeste Mall,Nordeste,Liquidificador,Casa,7.0,121.6
2025-11-23,Loja Centro,Sudeste,Relógio,Acessórios,5.0,461.19
2025-11-23,Loja Savassi,Sudeste,Fone Bluetooth,Eletrônicos,4.0,249.52
2025-11-23,Loja Centro,Sudeste,Mochila,Acessórios,3.0,154.59
2025-11-24,Loja Centro,Sudeste,Tênis,Vestuário,5.0,331.92
2025-11-24,Loja Nordeste Mall,Nordeste,Liquidificador,Casa,6.0,140.78
2025-11-24,Loja Sul Plaza,Sul,Panela de Pressão,Casa,4.0,88.52
2025-11-24,Loja Savassi,Sudeste,Mochila,Acessórios,1.0,138.73
2025-11-24,Loja Norte Shopping,Norte,Smartphone,Eletrônicos,2.0,2305.51
2025-11-24,Loja Centro,Sudeste,Camiseta,Vestuário,2.0,66.84
2025-11-24,Loja Norte Shopping,Norte,Mochila,Acessórios,5.0,137.47
2025-11-24,Loja Savassi,Sudeste,Panela de Pressão,Casa,5.0,90.65
2025-11-25,Loja Sul Plaza,Sul,Fone Bluetooth,Eletrônicos,3.0,246.57
2025-11-25,Loja Norte Shopping,Norte,Fone Bluetooth,Eletrônicos,2.0,280.63
2025-11-25,Loja Sul Plaza,Sul,Panela de Pressão,Casa,2.0,89.66
2025-11-26,Loja Sul Plaza,Sul,Mochila,Acessórios,4.0,158.48
2025-11-26,Loja Sul Plaza,Sul,Fone Bluetooth,Eletrônicos,1.0,234.24
2025-11-26,Loja Centro,Sudeste,Fone Bluetooth,Eletrônicos,6.0,215.98
2025-11-26,Loja Savassi,Sudeste,Fone Bluetooth,Eletrônicos,6.0,265.5
2025-11-26,Loja Centro,Sudeste,Smartphone,Eletrônicos,2.0,2420.16
2025-11-26,Loja Norte Shopping,Norte,Calça Jeans,Vestuário,5.0,128.26
2025-11-26,Loja Centro,Sudeste,Mochila,Acessórios,6.0,143.21
2025-11-26,Loja Sul Plaza,Sul,Fone Bluetooth,Eletrônicos,7.0,212.79
2025-11-27,Loja Norte Shopping,Norte,Cafeteira,Casa,3.0,194.68
2025-11-27,Loja Sul Plaza,Sul,Relógio,Acessórios,1.0,492.98
2025-11-27,Loja Savassi,Sudeste,Calça Jeans,Vestuário,5.0,144.88
2025-11-27,Loja Savassi,Sudeste,Liquidificador,Casa,4.0,114.88
2025-11-28,Loja Norte Shopping,Norte,Camiseta,Vestuário,1.0,51.7
2025-11-28,Loja Norte Shopping,Norte,Notebook,Eletrônicos,7.0,3764.95
2025-11-28,Loja Norte Shopping,Norte,Camiseta,Vestuário,6.0,63.7
2025-11-28,Loja Sul Plaza,Sul,Camiseta,Vestuário,7.0,56.69
2025-11-29,Loja Centro,Sudeste,Calça Jeans,Vestuário,2.0,156.56
2025-11-29,Loja Savassi,Sudeste,Calça Jeans,Vestuário,2.0,153.5
2025-11-30,Loja Nordeste Mall,Nordeste,Tênis,Vestuário,6.0,361.55
2025-11-30,Loja Centro,Sudeste,Calça Jeans,Vestuário,2.0,147.91
2025-12-01,Loja Centro,Sudeste,Relógio,Acessórios,4.0,524.56
2025-12-01,Loja Centro,Sudeste,Tênis,Vestuário,6.0,320.83
2025-12-01,Loja Savassi,Sudeste,Calça Jeans,Vestuário,5.0,156.64
2025-12-01,Loja Sul Plaza,Sul,Cafeteira,Casa,2.0,201.75
2025-12-01,Loja Centro,Sudeste,Calça Jeans,Vestuário,,122.99
2025-12-01,Loja Centro,Sudeste,Notebook,Eletrônicos,4.0,2991.65
2025-12-01,Loja Centro,Sudeste,Panela de Pressão,Casa,2.0,106.52
2025-12-02,Loja Savassi,Sudeste,Cafeteira,Casa,1.0,212.34
2025-12-02,Loja Centro,Sudeste,Liquidificador,Casa,4.0,145.23
2025-12-02,Loja Norte Shopping,Norte,Mochila,Acessórios,6.0,165.19
2025-12-03,Loja Sul Plaza,Sul,Mochila,Acessórios,2.0,147.24
2025-12-03,Loja Sul Plaza,Sul,Fone Bluetooth,Eletrônicos,5.0,245.79
2025-12-03,Loja Savassi,Sudeste,Calça Jeans,Vestuário,2.0,159.38
2025-12-03,Loja Centro,Sudeste,Camiseta,Vestuário,6.0,60.19
2025-12-03,Loja Norte Shopping,Norte,Relógio,Acessórios,5.0,549.01
2025-12-04,Loja Savassi,Sudeste,Camiseta,Vestuário,6.0,67.0
2025-12-04,Loja Centro,Sudeste,Smartphone,Eletrônicos,3.0,2309.91
2025-12-04,Loja Sul Plaza,Sul,Tênis,Vestuário,1.0,331.94
2025-12-04,Loja Centro,Sudeste,Mochila,Acessórios,3.0,165.76
2025-12-04,Loja Centro,Sudeste,Notebook,Eletrônicos,1.0,3270.89
2025-12-04,Loja Savassi,Sudeste,Liquidificador,Casa,7.0,147.19
2025-12-05,Loja Savassi,Sudeste,Mochila,Acessórios,4.0,148.04
2025-12-05,Loja Savassi,Sudeste,Camiseta,Vestuário,3.0,59.1
2025-12-05,Loja Centro,Sudeste,Tênis,Vestuário,5.0,359.27
2025-12-05,Loja Savassi,Sudeste,Smartphone,Eletrônicos,7.0,2519.26
2025-12-06,Loja Centro,Sudeste,Mochila,Acessórios,2.0,149.66
2025-12-06,Loja Sul Plaza,Sul,Mochila,Acessórios,4.0,170.69
2025-12-06,Loja Sul Plaza,Sul,Tênis,Vestuário,7.0,309.21
2025-12-06,Loja Savassi,Sudeste,Mochila,Acessórios,5.0,134.86
2025-12-06,Loja Sul Plaza,Sul,Cafeteira,Casa,2.0,228.94
2025-12-06,Loja Centro,Sudeste,Liquidificador,Casa,4.0,124.54
2025-12-06,Loja Norte Shopping,Norte,Relógio,Acessórios,4.0,438.31
2025-12-07,Loja Nordeste Mall,Nordeste,Calça Jeans,Vestuário,3.0,134.34
2025-12-07,Loja Sul Plaza,Sul,Calça Jeans,Vestuário,5.0,137.64
2025-12-07,Loja Sul Plaza,Sul,Notebook,Eletrônicos,4.0,4024.74
2025-12-07,Loja Centro,Sudeste,Smartphone,Eletrônicos,4.0,2335.95
2025-12-08,Loja Savassi,Sudeste,Smartphone,Eletrônicos,7.0,2257.65
2025-12-08,Loja Centro,Sudeste,Camiseta,Vestuário,2.0,60.34
2025-12-08,Loja Sul Plaza,Sul,Cafeteira,Casa,2.0,190.44
2025-12-08,Loja Sul Plaza,Sul,Liquidificador,Casa,1.0,135.68
2025-12-08,Loja Sul Plaza,Sul,Mochila,Acessórios,1.0,142.64
2025-12-08,Loja Savassi,Sudeste,Cafeteira,Casa,3.0,214.38
2025-12-08,Loja Centro,Sudeste,Notebook,Eletrônicos,6.0,3501.91
2025-12-08,Loja Savassi,Sudeste,Liquidificador,Casa,7.0,118.61
2025-12-08,Loja Centro,Sudeste,Relógio,Acessórios,5.0,505.59
2025-12-09,Loja Norte Shopping,Norte,Tênis,Vestuário,7.0,320.31
2025-12-10,Loja Norte Shopping,Norte,Mochila,Acessórios,5.0,129.21
2025-12-10,Loja Sul Plaza,Sul,Camiseta,Vestuário,4.0,67.95
2025-12-10,Loja Norte Shopping,Norte,Relógio,Acessórios,4.0,510.42
2025-12-10,Loja Centro,Sudeste,Camiseta,Vestuário,1.0,60.77
2025-12-10,Loja Nordeste Mall,Nordeste,Relógio,Acessórios,2.0,463.46
2025-12-10,Loja Centro,Sudeste,Mochila,Acessórios,2.0,130.71
2025-12-10,Loja Nordeste Mall,Nordeste,Smartphone,Eletrônicos,7.0,2204.26
2025-12-11,Loja Savassi,Sudeste,Smartphone,Eletrônicos,4.0,2067.35
2025-12-11,Loja Centro,Sudeste,Panela de Pressão,Casa,2.0,102.23
2025-12-11,Loja Savassi,Sudeste,Camiseta,Vestuário,2.0,52.42
2025-12-11,Loja Savassi,Sudeste,Tênis,Vestuário,3.0,359.81
2025-12-12,Loja Centro,Sudeste,Mochila,Acessórios,2.0,159.96
2025-12-12,Loja Centro,Sudeste,Fone Bluetooth,Eletrônicos,7.0,256.42
2025-12-12,Loja Sul Plaza,Sul,Notebook,Eletrônicos,5.0,3315.94
2025-12-12,Loja Centro,Sudeste,Cafeteira,Casa,5.0,221.34
2025-12-12,Loja Norte Shopping,Norte,Tênis,Vestuário,2.0,288.37
2025-12-12,Loja Sul Plaza,Sul,Liquidificador,Casa,4.0,139.08
2025-12-12,Loja Centro,Sudeste,Calça Jeans,Vestuário,1.0,140.83
2025-12-12,Loja Centro,Sudeste,Smartphone,Eletrônicos,2.0,2227.19
2025-12-12,Loja Sul Plaza,Sul,Liquidificador,Casa,,136.07
2025-12-13,Loja Sul Plaza,Sul,Camiseta,Vestuário,7.0,51.98
2025-12-13,Loja Sul Plaza,Sul,Relógio,Acessórios,2.0,534.0
2025-12-13,Loja Centro,Sudeste,Relógio,Acessórios,6.0,500.19
2025-12-14,Loja Savassi,Sudeste,Relógio,Acessórios,3.0,422.54
2025-12-14,Loja Savassi,Sudeste,Cafeteira,Casa,4.0,228.44
2025-12-14,Loja Savassi,Sudeste,Tênis,Vestuário,3.0,303.56
2025-12-14,Loja Norte Shopping,Norte,Relógio,Acessórios,2.0,440.73
2025-12-14,Loja Norte Shopping,Norte,Notebook,Eletrônicos,3.0,
2025-12-15,Loja Nordeste Mall,Nordeste,Fone Bluetooth,Eletrônicos,1.0,222.16
2025-12-15,Loja Savassi,Sudeste,Camiseta,Vestuário,5.0,59.42
2025-12-15,Loja Nordeste Mall,Nordeste,Tênis,Vestuário,5.0,353.47
2025-12-15,Loja Sul Plaza,Sul,Relógio,Acessórios,6.0,464.44
2025-12-15,Loja Sul Plaza,Sul,Mochila,Acessórios,2.0,147.55
2025-12-15,Loja Centro,Sudeste,Relógio,Acessórios,3.0,452.81
2025-12-15,Loja Centro,Sudeste,Panela de Pressão,Casa,2.0,99.93
2025-12-15,Loja Centro,Sudeste,Camiseta,Vestuário,4.0,64.1
2025-12-15,Loja Sul Plaza,Sul,Fone Bluetooth,Eletrônicos,4.0,267.49
2025-12-15,Loja Sul Plaza,Sul,Notebook,Eletrônicos,6.0,3286.74
2025-12-15,Loja Sul Plaza,Sul,Fone Bluetooth,Eletrônicos,6.0,231.52
2025-12-16,Loja Sul Plaza,Sul,Notebook,Eletrônicos,2.0,3718.34
2025-12-16,Loja Nordeste Mall,Nordeste,Mochila,Acessórios,1.0,169.65
2025-12-16,Loja Centro,Sudeste,Calça Jeans,Vestuário,5.0,149.89
2025-12-16,Loja Centro,Sudeste,Relógio,Acessórios,2.0,499.22
2025-12-16,Loja Centro,Sudeste,Camiseta,Vestuário,1.0,58.46
2025-12-16,Loja Centro,Sudeste,Notebook,Eletrônicos,6.0,3580.92
2025-12-17,Loja Centro,Sudeste,Mochila,Acessórios,6.0,130.4
2025-12-17,Loja Savassi,Sudeste,Tênis,Vestuário,6.0,362.75
2025-12-18,Loja Savassi,Sudeste,Panela de Pressão,Casa,6.0,106.49
2025-12-18,Loja Norte Shopping,Norte,Camiseta,Vestuário,6.0,62.98
2025-12-18,Loja Nordeste Mall,Nordeste,Fone Bluetooth,Eletrônicos,3.0,256.14
2025-12-18,Loja Centro,Sudeste,Camiseta,Vestuário,6.0,63.42
2025-12-18,Loja Nordeste Mall,Nordeste,Notebook,Eletrônicos,5.0,3428.82
2025-12-19,Loja Savassi,Sudeste,Liquidificador,Casa,2.0,120.55
2025-12-19,Loja Norte Shopping,Norte,Tênis,Vestuário,7.0,287.21
2025-12-19,Loja Norte Shopping,Norte,Notebook,Eletrônicos,1.0,3014.43
2025-12-19,Loja Savassi,Sudeste,Fone Bluetooth,Eletrônicos,7.0,
2025-12-19,Loja Savassi,Sudeste,Tênis,Vestuário,7.0,349.56
2025-12-20,Loja Savassi,Sudeste,Cafeteira,Casa,3.0,206.89
2025-12-20,Loja Savassi,Sudeste,Panela de Pressão,Casa,4.0,106.33
2025-12-20,Loja Centro,Sudeste,Liquidificador,Casa,7.0,122.17
2025-12-20,Loja Norte Shopping,Norte,Calça Jeans,Vestuário,3.0,146.21
2025-12-20,Loja Sul Plaza,Sul,Notebook,Eletrônicos,6.0,3198.54
2025-12-21,Loja Savassi,Sudeste,Fone Bluetooth,Eletrônicos,1.0,242.7
2025-12-21,Loja Centro,Sudeste,Cafeteira,Casa,2.0,193.88
2025-12-21,Loja Nordeste Mall,Nordeste,Liquidificador,Casa,7.0,120.34
2025-12-21,Loja Centro,Sudeste,Relógio,Acessórios,3.0,424.62
2025-12-21,Loja Norte Shopping,Norte,Relógio,Acessórios,6.0,488.85
2025-12-21,Loja Norte Shopping,Norte,Liquidificador,Casa,3.0,112.84
2025-12-22,Loja Savassi,Sudeste,Cafeteira,Casa,2.0,232.97
2025-12-22,Loja Nordeste Mall,Nordeste,Fone Bluetooth,Eletrônicos,1.0,243.1
2025-12-22,Loja Norte Shopping,Norte,Tênis,Vestuário,2.0,275.02
2025-12-22,Loja Norte Shopping,Norte,Liquidificador,Casa,6.0,132.17
2025-12-22,Loja Savassi,Sudeste,Smartphone,Eletrônicos,5.0,1918.38
2025-12-22,Loja Norte Shopping,Norte,Smartphone,Eletrônicos,5.0,2047.96
2025-12-23,Loja Nordeste Mall,Nordeste,Camiseta,Vestuário,7.0,61.94
2025-12-23,Loja Sul Plaza,Sul,Panela de Pressão,Casa,,87.69
2025-12-23,Loja Savassi,Sudeste,Cafeteira,Casa,7.0,231.46
2025-12-23,Loja Norte Shopping,Norte,Mochila,Acessórios,2.0,153.47
2025-12-23,Loja Savassi,Sudeste,Panela de Pressão,Casa,6.0,105.87
2025-12-24,Loja Sul Plaza,Sul,Panela de Pressão,Casa,4.0,96.25
2025-12-24,Loja Savassi,Sudeste,Camiseta,Vestuário,1.0,66.32
2025-12-25,Loja Savassi,Sudeste,Liquidificador,Casa,7.0,124.14
2025-12-25,Loja Sul Plaza,Sul,Calça Jeans,Vestuário,3.0,138.16
2025-12-25,Loja Savassi,Sudeste,Fone Bluetooth,Eletrônicos,4.0,271.43
2025-12-25,Loja Savassi,Sudeste,Camiseta,Vestuário,7.0,
2025-12-25,Loja Savassi,Sudeste,Camiseta,Vestuário,3.0,66.06
2025-12-25,Loja Savassi,Sudeste,Tênis,Vestuário,1.0,289.56
2025-12-25,Loja Savassi,Sudeste,Mochila,Acessórios,5.0,
2025-12-26,Loja Savassi,Sudeste,Cafeteira,Casa,3.0,208.19
2025-12-26,Loja Sul Plaza,Sul,Cafeteira,Casa,1.0,207.6
2025-12-26,Loja Centro,Sudeste,Notebook,Eletrônicos,6.0,3630.16
2025-12-26,Loja Sul Plaza,Sul,Panela de Pressão,Casa,4.0,92.42
2025-12-26,Loja Centro,Sudeste,Mochila,Acessórios,5.0,145.56
2025-12-26,Loja Norte Shopping,Norte,Liquidificador,Casa,3.0,123.32
2025-12-26,Loja Savassi,Sudeste,Tênis,Vestuário,5.0,338.89
2025-12-26,Loja Sul Plaza,Sul,Mochila,Acessórios,1.0,170.15
2025-12-26,Loja Savassi,Sudeste,Tênis,Vestuário,3.0,279.02
2025-12-26,Loja Savassi,Sudeste,Panela de Pressão,Casa,4.0,99.87
2025-12-27,Loja Savassi,Sudeste,Notebook,Eletrônicos,2.0,3614.48
2025-12-27,Loja Norte Shopping,Norte,Notebook,Eletrônicos,2.0,3293.67
2025-12-27,Loja Savassi,Sudeste,Camiseta,Vestuário,4.0,66.98
2025-12-27,Loja Centro,Sudeste,Cafeteira,Casa,4.0,239.48
2025-12-27,Loja Norte Shopping,Norte,Smartphone,Eletrônicos,6.0,2485.54
2025-12-27,Loja Centro,Sudeste,Notebook,Eletrônicos,6.0,3370.04
2025-12-28,Loja Sul Plaza,Sul,Notebook,Eletrônicos,6.0,3703.78
2025-12-28,Loja Sul Plaza,Sul,Mochila,Acessórios,3.0,170.02
2025-12-29,Loja Centro,Sudeste,Tênis,Vestuário,3.0,323.0
2025-12-29,Loja Centro,Sudeste,Smartphone,Eletrônicos,5.0,2100.08
2025-12-29,Loja Nordeste Mall,Nordeste,Cafeteira,Casa,6.0,195.31
2025-12-29,Loja Sul Plaza,Sul,Fone Bluetooth,Eletrônicos,2.0,233.54
2025-12-29,Loja Centro,Sudeste,Mochila,Acessórios,4.0,160.18
2025-12-30,Loja Centro,Sudeste,Cafeteira,Casa,2.0,229.24
2025-12-30,Loja Norte Shopping,Norte,Smartphone,Eletrônicos,2.0,2052.32
2025-12-30,Loja Centro,Sudeste,Cafeteira,Casa,6.0,240.08
2025-12-30,Loja Savassi,Sudeste,Smartphone,Eletrônicos,4.0,2063.61
2025-12-30,Loja Centro,Sudeste,Cafeteira,Casa,1.0,205.65
2025-12-30,Loja Savassi,Sudeste,Cafeteira,Casa,6.0,229.74
2025-12-31,Loja Sul Plaza,Sul,Liquidificador,Casa,5.0,114.92
2025-12-31,Loja Centro,Sudeste,Panela de Pressão,Casa,7.0,100.65
2025-12-31,Loja Norte Shopping,Norte,Liquidificador,Casa,4.0,130.35
2025-12-31,Loja Centro,Sudeste,Smartphone,Eletrônicos,1.0,1994.09
2025-12-31,Loja Centro,Sudeste,Mochila,Acessórios,2.0,132.0
2025-12-31,Loja Centro,Sudeste,Tênis,Vestuário,6.0,309.09
2025-12-31,Loja Nordeste Mall,Nordeste,Liquidificador,Casa,3.0,144.59
2025-12-31,Loja Sul Plaza,Sul,Camiseta,Vestuário,1.0,
2025-12-31,Loja Centro,Sudeste,Camiseta,Vestuário,2.0,57.79
2025-12-31,Loja Centro,Sudeste,Smartphone,Eletrônicos,4.0,2161.66
